program_name,funder,funder_category,jurisdiction,career_stage,mechanism_type,purpose,domain,stated_purpose,design_notes,research_stage,typical_award_size,typical_duration,citizenship_residency,years_since_degree_max,eligibility_window,identity_targeting,identity_gate_type,topic_restricted,specific_topic,submission_path,prior_funding_exclusion,institution_type_restriction,eligibility_notes,application_cadence,selectivity,review_criteria_official,review_signals_informal,coverage_type,source_url,confidence,checked_date,status,status_valid_to,status_evidence,status_source,status_checked,award_checked,eligibility_checked,identity_checked,review_criteria_checked,notes
ARPA-E OPEN,ARPA-E,federal_research,United States,no_stage_restriction,cooperative_agreement,"research_project, commercialization","engineering, physical_sciences","Periodic open solicitation funding transformational, high-impact energy technologies across any topic area that do not fit existing focused ARPA-E programs.","Runs irregularly (OPEN 2018, OPEN 2021, OPEN 2024 — roughly every ~3 years). Primary instrument is a cooperative agreement (also Technology Investment Agreements/OTs and, less often, grants). Eligibility/instruments verified from ARPA-E FOA Provisions (arpa-e.energy.gov); cadence and per-award ranges marked est. because the OPEN landing page is JS-rendered.",translational_productdev,varies; roughly ~$0.5–10 million per project (avg ~$1–4M est.),typically ~2–3 years,host_country_institution_required,,no career-stage restriction; US-incorporated lead entity required,none,n/a,TRUE,transformational energy technologies (any energy-related topic),individual_direct,none.,us_institution,"Eligible leads: US universities, nonprofits, and US-incorporated for-profits (small and large); DOE/FFRDC national labs and foreign entities may participate only as team members, not standalone leads. US citizens/PRs may apply as individuals. Concept paper then full application.",irregular,unspecified,"Merit review emphasizing transformative potential/impact on ARPA-E mission metrics, scientific-technical merit and feasibility, and a credible pathway to real-world deployment; team capability.","Heilmeier-Catechism questions are the de facto framing reviewers expect; community knowledge, treat as low-confidence.",enumerated,https://arpa-e.energy.gov/programs-and-initiatives/OPEN-program,medium,2026-07-18,active,,"“ARPA-E issues OPEN NOFOs, approximately every three years”; the most recent cycle shown is Vision OPEN 2024. No termination notice.",https://arpa-e.energy.gov/programs-and-initiatives/OPEN-program,2026-09-17,2026-07-18,2026-07-18,2026-07-18,2026-07-18,ARPA-E is within DOE; classified federal_research per this sweep's scope (arguably mission_applied). UNRESOLVED 2026-09-17: arpa-e.energy.gov returns no readable content to a text fetch (client-rendered). Status stays unknown; needs a browser-rendered check or an alternative ARPA-E source. Resolved 2026-09-17 with a rendering browser: arpa-e.energy.gov is client-rendered and returns no body to a plain text fetch.
IGNIITE (Inspiring Generations of New Innovators to Impact Technologies in Energy),ARPA-E,federal_research,United States,"graduate_predoc, postdoc, early_career_faculty",seed_pilot,"research_project, commercialization, career_development","engineering, physical_sciences","Empowers early-career scientists and engineers to convert disruptive ideas into impactful energy technologies through funding, network-building, and mentorship.","Distinct early-career, individual-innovator seed vehicle (mechanism_type=seed_pilot; research_stage=feasibility_pilot) run annually (IGNIITE 2024/2025/2026). IGNIITE 2026 landing page confirmed live. Per-award size and duration are estimated from the cohort announcement. A separate 2-year ARPA-E Fellows Program (recent-PhD technical staff at ARPA-E HQ) also exists but is noted rather than enumerated.",feasibility_pilot,"up to ~$500,000 per innovator (est.; ~$11.5M across 23 awardees in IGNIITE 2024)",~18–24 months (est.),citizen_national_pr_required,,early-career individuals (individual-innovator awards),none,n/a,TRUE,transformational energy technologies,individual_direct,designed for early-career innovators without a prior record of leading ARPA-E awards (est.; confirm per solicitation).,none,Individual-capacity awards; individual applicants must be US citizens or permanent residents (per ARPA-E individual-applicant rules). Targets early-career innovators new to leading ARPA-E-style projects.,annual,~23 awardees (2024 cohort),"Merit review on transformative energy-impact potential, technical merit/feasibility of the concept, and the innovator's promise (ARPA-E Heilmeier-style framing).",,enumerated,https://arpa-e.energy.gov/programs-and-initiatives/view-all-programs/igniite-2026,medium,2026-07-18,active,,"ARPA-E's own label on the programme page: “Status: Active”, “Release Date: Apr 23 2026”.",https://arpa-e.energy.gov/programs-and-initiatives/view-all-programs/igniite-2026,2026-09-17,2026-07-18,2026-07-18,2026-07-18,2026-07-18,Confirmed via ARPA-E announcement of $11.5M for 23 early-career innovators (IGNIITE 2024). IGNIITE 2026 program page verified to exist this pass. UNRESOLVED 2026-09-17: arpa-e.energy.gov returns no readable content to a text fetch (client-rendered). Status stays unknown. Resolved 2026-09-17 with a rendering browser (see ARPA-E OPEN).
ARPA-H mission programs (cooperative agreements / other transactions),ARPA-H,federal_research,United States,no_stage_restriction,cooperative_agreement,"research_project, commercialization",biomedical_health,"Advanced Research Projects Agency for Health builds time-limited, milestone-driven programs and initiatives via Mission Offices to accelerate breakthrough biomedical and health solutions.","coverage_type=guidance: ARPA-H funds via a rotating portfolio of Program-Manager-conceived programs, not a fixed standing solicitation. Uses cooperative agreements, Other Transaction agreements (OTs), grants, contracts, and procurement; mechanism_type set to cooperative_agreement as the representative instrument with OTs noted. translational_productdev reflects the deployment-oriented mandate. Mission Offices / solicitations / Open Funding Opportunities confirmed current on the funder page.",translational_productdev,"varies by program; commonly multi-million-dollar, milestone-based awards (specific figures per solicitation)","varies (typically ~1–5 years, milestone-gated)",host_country_institution_required,,"no career-stage restriction; performers include universities, companies (incl. small business), nonprofits, and teams",none,n/a,TRUE,biomedical and health breakthroughs (Mission Office program-specific topics),individual_direct,"none (organization-based, not career-stage-based).",none,"Programs solicited by Program Managers within Mission Offices; broad solicitations (Innovative Solutions Openings/ISOs) accept abstracts on a rolling basis, plus program-specific solicitations. Dedicated small-business pathways exist.",rolling,unspecified,"Program-specific merit review of scientific/technical approach, potential health impact, feasibility, and team/management capability, defined in each ISO/solicitation.","ARPA-style solvability/impact framing (does it solve a hard problem, what's the deployment path) is the de facto expectation; community knowledge, treat as low-confidence.",guidance,https://arpa-h.gov/research-and-funding,medium,2026-07-18,active,,"Open Funding Opportunities page live; 'Apply to an open funding opportunity.' No suspension, wind-down or restructuring notice.",https://arpa-h.gov/research-and-funding,2026-09-17,2026-07-18,2026-07-18,2026-07-18,2026-07-18,"Solicitation vehicles: Mission Office programs, Initiatives & Sprints, and ISOs (Innovative Solutions Openings). ARPANET-H is the ecosystem/network. Status verified 2026-09-17. Award figures are not stated at this level and remain unconfirmed; the agency directs applicants to individual solicitations."
Early Career Faculty (ECF) — Space Technology Research Grants (STRG),NASA,federal_research,United States,early_career_faculty,research_grant,"research_project, career_development","engineering, physical_sciences","Supports outstanding untenured early-career faculty to pursue high-priority, low-TRL space-technology research; part of the Space Technology Research Grants (STRG) program within NASA's Space Technology Mission Directorate (STMD).","coverage_type=guidance because this represents NASA's family of early-career-faculty research lines (STMD ECF plus discipline New Investigator Program lines) rather than a single perpetual solicitation; topics rotate annually. ECF confirmed as a funded STRG activity on NASA's own STRG page. ECF25-specific figures (>=$750K floor, ~6 awards) come from the most recent solicitation on NSPIRES. research_stage=exploratory_highrisk reflects low-TRL space-tech focus.",exploratory_highrisk,">=$750,000 total (ECF25 floor) over the award period (~$250K/yr over ~3 yr)",~3 years,citizen_national_pr_required,,"untenured, tenure-track assistant professor at the sponsoring US university at time of award",none,n/a,TRUE,"space technology (annual STMD-defined topic areas; e.g., entry diagnostics, autonomous spacecraft GN&C)",individual_direct,gated by untenured-assistant-professor status rather than years since degree; one proposal per PI per solicitation.,us_institution,"PI must be an untenured tenure-track assistant professor and a US citizen or lawful permanent resident at award; only accredited US universities may submit; one proposal per PI, no co-investigators (collaborators allowed, excluding NASA employees).",annual,~6 awards per solicitation (ECF25),NASA merit review: intrinsic scientific/technical merit of the proposed technology research; relevance to NASA STMD technology objectives/topic areas; and cost reasonableness/realism.,,guidance,https://www.nasa.gov/about-strg/,medium,2026-07-18,active,,“Early Career Faculty (ECF)” is listed among the current Funded STRG Activities; no suspension notice.,https://www.nasa.gov/about-strg/,2026-09-17,2026-07-18,2026-07-18,2026-07-18,2026-07-18,Audit: replaced the simpler.grants.gov (grants.gov aggregator) source_url with NASA's own STRG program page (nasa.gov/about-strg). Distinct from tenure-agnostic ROSES research grants; targets untenured assistant professors specifically.
FINESST — Future Investigators in NASA Earth and Space Science and Technology,NASA,federal_research,United States,graduate_predoc,fellowship,"salary_stipend, training, research_project","physical_sciences, life_sciences, engineering","Awards graduate student-designed research projects that advance the Science Mission Directorate's science, technology, and exploration goals; the graduate student (Future Investigator) has primary initiative to define the project.","Training-grant-style fellowship: award goes to the US institution; the graduate student is the Future Investigator and primary author while the advisor is PI-of-record. Runs annually across SMD divisions (Earth Science, Heliophysics, Planetary Science, Astrophysics, Biological & Physical Sciences) via the ROSES solicitation. topic_restricted kept false because eligibility spans NASA's broad science portfolio (mission-relevance filter, not a narrow topic gate).",career_training,"up to $50,000 per year (up to ~$150,000 total)",up to 3 years,host_country_institution_required,,graduate student (Future Investigator) enrolled at a US institution with sufficient time remaining in the degree,none,n/a,FALSE,,individual_direct,a student may hold only one FINESST/NESSF award tied to a single degree pursuit; prior recipients for the same degree are ineligible (per FINESST NOFO).,us_institution,"Proposal submitted by an accredited US university (or other eligible org) on behalf of the graduate-student Future Investigator, who must be the primary author; a faculty advisor/mentor serves as PI-of-record. No US-citizenship requirement (unlike NSF GRFP).",annual,unspecified,NASA merit review: intrinsic scientific/technical merit of the proposed research and the Future Investigator's potential; relevance to NASA/SMD science objectives; and reasonableness of the requested budget.,,enumerated,https://science.nasa.gov/researchers/solicitations/roses-2022/amendment-70-f5-finesst-graduate-student-research-proposals-final-text-and-proposal-due-date/,medium,2026-07-18,unknown,,,,,2026-07-18,2026-07-18,2026-07-18,2026-07-18,"Successor to the NASA Earth and Space Science Fellowship (NESSF); solicited annually within ROSES. Audit: downgraded high->medium — source_url is a 2022 ROSES F.5 amendment (NASA's own domain, so not an aggregator) and the clean /researchers/finesst page 404'd this pass; $50K/yr, 3-yr terms are stable and reissued annually under the current ROSES. SOURCE DEFECT 2026-09-17: source_url points at ROSES-2022 Amendment 70, whose proposals were due 7 February 2023; page last updated 7 August 2023. A historical document cannot establish current status either way. Re-point at the current ROSES cycle's F.5 element and re-check."
NASA Postdoctoral Program (NPP) — Postdoctoral Fellowship,NASA,federal_research,United States,postdoc,fellowship,"salary_stipend, training, research_project","physical_sciences, life_sciences, engineering",Offers competitive fellowships to early-career scientists to conduct independent research in collaboration with a NASA advisor at a NASA center or affiliated institution.,"Administered for NASA by ORAU (official program site). Three review cycles per year (Mar 1, Jul 1, Nov 1) — cadence marked annual (recurring) with cycles noted. Split from the Senior Fellowship variant because career stage and stipend determination differ (filterable).",career_training,"stipend from $70,000/year (locality/field supplements possible) + $10,000/year travel; NASA covers ~85% of health-insurance premium","1-year appointments, renewable up to 3 years",open_any_nationality,5,held a doctoral degree for less than 5 years at appointment start,none,n/a,FALSE,,individual_direct,yes: cannot begin a new NPP appointment within 5 years of concluding a prior NPP fellowship.,none,"US citizens, lawful permanent residents, and foreign nationals eligible for J-1 Exchange Visitor status (J-1 must be obtained before starting if selected); also LPR/asylee/refugee applicants with valid EAD and pending I-485/I-589. Must relocate to and reside at the NASA center/advisor location. Stipend ($70k start), $10k travel, and ~85% health-premium coverage confirmed on the NPP benefits page.",annual,unspecified,"Discipline-panel merit review: quality/originality and feasibility of the proposed research, applicant qualifications, and the match with the NASA advisor and center.",,enumerated,https://npp.orau.org/applicants/eligibility.html,high,2026-07-18,active,,“November 2026 cycle is open. View current opportunities.”,https://npp.orau.org/applicants/eligibility.html,2026-09-17,2026-07-18,2026-07-18,2026-07-18,2026-07-18,"Three fixed review cycles per year. Full-time; no concurrent outside employment permitted. Audit: $70k stipend, $10k travel, 85% health, and <5yr window re-confirmed on funder page."
NASA Postdoctoral Program (NPP) — Senior Fellowship,NASA,federal_research,United States,"midcareer, senior_established",fellowship,"salary_stipend, research_project","physical_sciences, life_sciences, engineering",Provides fellowships for experienced researchers (five or more years past the doctorate) to conduct independent research with a NASA advisor.,"Split from the Postdoctoral Fellowship variant on career stage (5+ years since PhD) and stipend basis. Same program, application system (ORAU), and three annual cycles.",career_training,"stipend set by location, years of experience beyond the doctorate, and career achievements (above the postdoctoral base) + $10,000/year travel","1-year appointments, renewable up to 3 years",open_any_nationality,,held a doctoral degree for 5 or more years,none,n/a,FALSE,,individual_direct,yes: cannot begin a new NPP appointment within 5 years of concluding a prior NPP fellowship.,none,"Same citizenship/residency and residency-relocation rules as the postdoctoral tier (US citizens, LPRs, J-1-eligible foreign nationals). Distinguished from the postdoctoral tier only by 5+ years since the doctorate and a higher, experience-based stipend. Individually-determined senior stipend confirmed on the NPP benefits page.",annual,unspecified,"Discipline-panel merit review: quality/originality and feasibility of the proposed research, applicant qualifications, and the match with the NASA advisor and center.",,enumerated,https://npp.orau.org/applicants/eligibility.html,high,2026-07-18,active,,“November 2026 cycle is open. View current opportunities.”,https://npp.orau.org/applicants/eligibility.html,2026-09-17,2026-07-18,2026-07-18,2026-07-18,2026-07-18,A separate NPP Management Fellowship track (requires >=1 year in a research fellowship) also exists; not enumerated here.
NIST/NRC Postdoctoral Research Associateship Program,National Institute of Standards and Technology (NIST),federal_research,United States,postdoc,fellowship,"salary_stipend, training, research_project","physical_sciences, engineering, computing_math","Provides two-year appointments for recent doctoral recipients to conduct independent research in association with NIST staff, administered through the National Academies' NRC Research Associateship Programs.","Individual postdoctoral fellowship hosted at NIST; adviser must be secured pre-application. Two fixed application periods per year (Feb 1 and Aug 1). US-citizen-only gate is stricter than most (no PR); mapped to citizen_national_pr_required (nearest enum) with the citizen-only restriction flagged in eligibility_notes. Citizenship, PhD<5yr, GS-11 stipend, 2-yr duration, and Feb/Aug cycles all re-confirmed on the funder page.",career_training,"stipend equivalent to GS-11 step 1 for the Washington, DC metro area (~$72,000+ est., locality-adjusted)",up to 2 years,citizen_national_pr_required,5,held the PhD (STEM discipline) for less than 5 years,none,n/a,FALSE,,individual_direct,must have held the PhD less than 5 years and be a US citizen; no separate prior-award disqualifier stated.,none,Must be a US citizen — permanent residents are NOT eligible for this program (confirmed on the NIST page). PhD held less than 5 years in a science/engineering/math discipline. Applicants must identify and contact a prospective NIST adviser before applying; Selective Service registration required where applicable.,annual,unspecified,"National Academies' NRC panel review: scientific/technical merit of the proposed research and the applicant's qualifications and promise, plus the adviser/research-opportunity match.",,enumerated,https://www.nist.gov/iaao/academic-affairs-office/nist-nrc-postdoctoral-research-associateships-program,high,2026-07-18,paused,,"NIST: “we are waiting for more guidance before notifying selected applicants”, with applicants told to “regularly check this website for the latest information and updates”. Not accepting new applications pending internal guidance, and no reopening date is given — only the historical 1 February / 1 August deadlines.",https://www.nist.gov/iaao/academic-affairs-office/nist-nrc-postdoctoral-research-associateships-program,2026-09-17,2026-07-18,2026-07-18,2026-07-18,2026-07-18,"Disciplines: chemistry, physics, materials science, math, computer science, engineering. Two review cycles per year."
Professional Research Experience Program (PREP),National Institute of Standards and Technology (NIST),federal_research,United States,"undergraduate, graduate_predoc, postdoc",training_grant,"salary_stipend, training","physical_sciences, engineering, computing_math","Provides hands-on research experiences at NIST for students, recent graduates, postdocs, and faculty, strengthening the STEM workforce and NIST's measurement-science mission.",PREP is structured as 5-year cooperative agreements between NIST and partner universities; individuals are hired into research-associate appointments via posted vacancies (submission_path=other; institution_type=other = PREP partner universities only). mechanism_type=training_grant captures the workforce-development appointment at the individual level. Multi-stage career eligibility.,career_training,stipend/salary varies by level (undergraduate through postdoctoral/faculty); specific amounts unspecified on program page,varies by appointment (within the 5-year institutional cooperative agreement),open_any_nationality,,"undergraduate, graduate, recent graduate, postdoctoral, senior researcher, or faculty affiliated with a PREP partner university",none,n/a,FALSE,,other,none stated.,other,"Open to US citizens and foreign nationals with appropriate visa to work at NIST. Applicants apply to advertised vacancies through PREP partner/associate universities (e.g., Boulder CO, Gaithersburg MD, Charleston SC hubs).",rolling,unspecified,"Selection by NIST research units against posted position/vacancy requirements (research fit, qualifications); managed through partner-university cooperative agreements.",,enumerated,https://www.nist.gov/iaao/academic-affairs-office/professional-research-experience-program,medium,2026-07-18,active,,Page updated 2 September 2026 with live application links for the Boulder and Gaithersburg participating universities; no suspension notice.,https://www.nist.gov/iaao/academic-affairs-office/professional-research-experience-program,2026-09-17,2026-07-18,2026-07-18,2026-07-18,2026-07-18,Not a nationally open individual competition — access is via affiliated PREP universities' vacancy postings.
Summer Undergraduate Research Fellowship (SURF),National Institute of Standards and Technology (NIST),federal_research,United States,undergraduate,fellowship,"salary_stipend, training","physical_sciences, engineering, computing_math",Provides undergraduate students a paid summer research experience working alongside NIST scientists and engineers.,"Individual undergraduate summer fellowship; applications submitted through USAJobs. 2026 stipend figures ($710/wk = $7,810; up to $4,500 housing; up to $500 travel) re-confirmed on the funder page; adjusts yearly.",career_training,"$7,810 for the 11-week summer stipend ($710/week) + up to $4,500 housing assistance + up to $500 travel (2026)",9–11 weeks (summer),citizen_national_pr_required,,full-time undergraduate at an accredited US 2- or 4-year college (first-years through graduating seniors); age 18+,none,n/a,FALSE,,individual_direct,none.,none,Must be a US citizen or permanent resident (with proof). Six NIST laboratories participate. Apply via USAJobs. 2026 stipend/housing/travel figures and citizenship confirmed on nist.gov/surf.,annual,unspecified,"Selection by NIST laboratories on academic record, statement of interest, references, and fit with available research projects.",,enumerated,https://www.nist.gov/surf,high,2026-07-18,active,,“vacancy announcement expected to open USAjobs mid-October 2026” with “applications due at the end of January 2027”.,https://www.nist.gov/surf,2026-09-17,2026-07-18,2026-07-18,2026-07-18,2026-07-18,"Participating labs: Communications Technology, Engineering, Information Technology, Material Measurement, Physical Measurement, plus NIST Center for Neutron Research."
Fogarty Emerging Global Leader Award (K43),National Institutes of Health (NIH),federal_research,United States,"postdoc, early_career_faculty",career_development_award,"career_development, salary_stipend, research_project",biomedical_health,"Provide mentored research career development to a junior-faculty research scientist who is a citizen of, and committed to research at, an institution in a low- or middle-income country (LMIC).",Federal U.S. funder (NIH/Fogarty) but the awardee institution is a foreign LMIC organization — hence host_country_institution_required and institution_type 'other'.,career_training,Salary/research-development support scaled to LMIC context (varies) (est.),Up to 5 years,host_country_institution_required,,"Applicant is an LMIC citizen with a master's/doctoral degree, holds a junior-faculty appointment, and is employed by an eligible LMIC academic/research institution (the applicant organization is a foreign LMIC institution). No U.S. citizenship requirement.",none,n/a,TRUE,Global-health research relevant to low- and middle-income countries (Fogarty International Center),individual_direct,yes (mentored career-development stage): for early-career scientists not yet holding a major independent research award; applicant must need additional mentored research experience. Specific disqualifiers per the current Fogarty K43 NOFO.,other,Standing Fogarty program; specific parent NOFOs are periodically reissued (between-cycle status can vary).,rolling,unspecified,Mentored-K criteria adapted for global settings (traditional K structure): Candidate; Career Development Plan; Research Plan; Mentor(s)/Collaborators; Environment & Institutional Commitment (LMIC institution).,,enumerated,https://grants.nih.gov/funding/activity-codes/K43,medium,2026-07-18,active,,"Activity code K43 (“Emerging Global Leader Award”) is listed in NIH's activity-code index as of 2026-09-17, with no retirement or archive notice.",https://grants.nih.gov/funding/activity-codes,2026-09-17,2026-07-18,2026-07-18,2026-07-18,2026-07-18,
NCI Outstanding Investigator Award (R35 OIA),National Institutes of Health (NIH),federal_research,United States,"midcareer, senior_established",research_grant,research_project,biomedical_health,"Provide extended, stable funding to accomplished cancer researchers with outstanding records, enabling ambitious, flexible, long-horizon programs of cancer research.",,hypothesis_driven_mature,"Up to $600,000 direct costs/yr",7 years,open_any_nationality,,For established investigators with an outstanding record of cancer-research productivity and substantial current NCI research funding as PD/PI; not for early-career investigators.,none,n/a,TRUE,Cancer research (NCI mission),individual_direct,"yes (inverted): requires a strong record of substantial, current NCI/NIH research support as PD/PI; intended to consolidate/replace existing project grants with one stable award. Not open to those without an accomplished independently funded track record.",us_institution,"NCI encourages nominations across career stages including women and underrepresented groups, but the current cancer.gov page frames this as encouragement, NOT an eligibility gate or scoring preference (post-SFFA-consistent); hence identity_gate_type n/a.",annual,Highly selective (est.),"NIH simplified 3-factor framework focused on the investigator's overall program, track record, and transformative potential (Importance; Rigor & Feasibility; Expertise & Resources).",,enumerated,https://www.cancer.gov/grants-training/grants-funding/funding-opportunities/oia,high,2026-07-18,active,,"Activity code R35 (“Outstanding Investigator Award”) is listed in NIH's activity-code index as of 2026-09-17, with no retirement or archive notice.",https://grants.nih.gov/funding/activity-codes,2026-09-17,2026-07-18,2026-07-18,2026-07-18,2026-07-18,
"NIGMS Maximizing Investigators' Research Award (MIRA, R35)",National Institutes of Health (NIH),federal_research,United States,"early_career_faculty, midcareer, senior_established",research_grant,research_project,"biomedical_health, life_sciences","Provide a single, consolidated, stable grant supporting the full program of research in an investigator's lab within the NIGMS mission, increasing flexibility and distributing funding more broadly.",,hypothesis_driven_mature,"ESI ~$250,000; New Investigator ~$275,000; Established up to $750,000 direct costs/yr (investigators with ≥$400k NIGMS funding typically ~12% below historical) (est.)",5 years,open_any_nationality,,Separate NOFOs: Established/New Investigators (PAR-26-121) and Early Stage Investigators (PAR-27-032). EI/NI generally need ≥1 NIGMS single-PI R01-equivalent (R01/R37/DP1/DP2/SC1) or current MIRA; ESI variant open without prior NIGMS support (ESI = within 10 yrs of terminal degree).,none,n/a,FALSE,NIGMS basic-biomedical mission (no disease-specific focus),individual_direct,yes (mutually exclusive with other NIGMS support): all other NIGMS research grants are terminated upon MIRA issuance; may not have a MIRA plus another NIGMS RPG (R01/R15/R21/R37) pending simultaneously; PI must devote ≥45% of total research effort to the MIRA.,us_institution,5-year single-PI award; renewable. ESI/New-Investigator entry point makes it a de facto first independent award for many NIGMS-funded labs. NOFO numbers PAR-26-121 / PAR-27-032 confirmed on NIGMS MIRA page (updated 2026-07-24).,annual,unspecified,"NIH simplified 3-factor framework applied at the level of the investigator's overall research program (Importance; Rigor & Feasibility; Expertise & Resources), with emphasis on track record and potential.",,enumerated,https://www.nigms.nih.gov/Research/mechanisms/MIRA/Pages/default,high,2026-07-18,active,,PAR-26-121 — applications accepted 2026-2028 (established/new investigators); PAR-27-032 — accepted through 6 February 2029 (early-stage investigators).,https://www.nigms.nih.gov/Research/mechanisms/MIRA/Pages/default,2026-09-17,2026-07-18,2026-09-17,2026-07-18,2026-07-18,"Re-verified 2026-09-17: 'MIRA grants will generally be for 5 years, for both established investigators/new investigators and early stage investigators.' The page states duration but no dollar figures, so the recorded amounts were not confirmed this run."
NIH Center & Program Project Grants (P01 / P30 / P50),National Institutes of Health (NIH),federal_research,United States,no_stage_restriction,research_grant,"research_project, equipment","biomedical_health, life_sciences","Support multi-component, thematically integrated research: P01 program projects (multiple interrelated projects + shared cores), P50 specialized/disease centers (research + cores), and P30 center core grants (shared resources/cores supporting a base of NIH-funded investigators).","P30 (center core) is infrastructure_resource in intent; P01/P50 are coordinated multi-project research. Collapsed into one center/program-project row to keep the mechanism catalog within scope, variants noted.",coordinated_network,"Large, multi-component budgets (vary widely by IC and NOFO)","Typically 5 years, renewable",open_any_nationality,,,none,n/a,FALSE,,individual_direct,no (institution/PD-led; eligibility per NOFO). Individual project/core leaders vary.,us_institution,Three P-series activity codes collapsed. P30 is primarily infrastructure/shared-core support; P01 and P50 combine research projects with cores. Usually RFA/PAR-driven.,irregular,unspecified,"Multi-component review: overall program impact plus separate evaluation of each project and core, leadership/synergy, and (for P30) the quality and value of shared resources to the funded user base.",,enumerated,https://grants.nih.gov/funding/activity-codes/P30,medium,2026-07-18,active,,"Activity code P01/P30/P50 (“Research Program Projects and Centers”) is listed in NIH's activity-code index as of 2026-09-17, with no retirement or archive notice.",https://grants.nih.gov/funding/activity-codes,2026-09-17,2026-07-18,2026-07-18,2026-07-18,2026-07-18,
NIH Clinical Trial / Research Planning Grant (R34),National Institutes of Health (NIH),federal_research,United States,no_stage_restriction,research_grant,research_project,biomedical_health,"Support planning and development activities — team assembly, protocol/design finalization, operations/data-management tools, and feasibility data — that lead to a subsequent full clinical trial or research project.",,feasibility_pilot,"Up to $225,000 direct costs/yr; up to $450,000 total (varies by IC)",Up to 3 years,open_any_nationality,,,none,n/a,FALSE,,individual_direct,no. Not renewable (one-time planning award).,none,3 standard cycles/yr; modular budgets (except foreign). Permits early peer review of a trial's rationale/concept.,rolling,unspecified,NIH simplified 3-factor framework applied to the planning aims (Importance; Rigor & Feasibility of the planning plan; Expertise & Resources).,,enumerated,https://grants.nih.gov/funding/activity-codes/R34,high,2026-07-18,active,,"Activity code R34 (“Planning Grant”) is listed in NIH's activity-code index as of 2026-09-17, with no retirement or archive notice.",https://grants.nih.gov/funding/activity-codes,2026-09-17,2026-07-18,2026-07-18,2026-07-18,2026-07-18,
NIH Director's Early Independence Award (DP5),National Institutes of Health (NIH),federal_research,United States,"transition, early_career_faculty",research_grant,"research_project, career_development","biomedical_health, life_sciences, domain_agnostic","Enable exceptional junior scientists to skip the traditional postdoc and move immediately into an independent research position (NIH Common Fund High-Risk, High-Reward).",,exploratory_highrisk,"$250,000 direct costs/yr",5 years,open_any_nationality,1,Applicants from 16 months before to 12 months after receipt of a doctoral degree or end of post-graduate clinical training; must be in a non-independent position at application.,none,n/a,FALSE,,institutional_nomination_limited,yes: for individuals who have NOT yet moved into an independent position and are within the tight early-independence window; enables bypassing postdoctoral training.,none,Institutions are limited to 2 applications per year (limited submission). One receipt date per year.,annual,Highly selective (est.),"Common Fund HRHR specialized review emphasizing the candidate's exceptional promise, readiness for independence, and the host institution's commitment.",,enumerated,https://commonfund.nih.gov/earlyindependence,high,2026-07-18,active,,"Activity code DP5 is listed in NIH's activity-code index; the programme page reads “No open funding announcements … information about future announcements.” Between cycles, no termination notice.",https://commonfund.nih.gov/earlyindependence,2026-09-17,2026-07-18,2026-07-18,2026-07-18,2026-07-18,
NIH Director's New Innovator Award (DP2),National Institutes of Health (NIH),federal_research,United States,early_career_faculty,research_grant,research_project,"biomedical_health, life_sciences, domain_agnostic","Support unusually creative Early Stage Investigators proposing innovative, high-impact projects (NIH Common Fund High-Risk, High-Reward), without requiring extensive preliminary data.",,exploratory_highrisk,"$475,000 direct costs/yr; up to $2,375,000 total direct costs over the 5-year award (per current RFA-RM-27-002)",5 years,open_any_nationality,10,Early Stage Investigators only (within 10 years of terminal degree and no prior R01-equivalent NIH award); single PD/PI; ≥25% research effort.,none,n/a,FALSE,,individual_direct,yes (ESI gate): must not have received an R01-equivalent or other substantial NIH independent research award; ESI status required.,none,One receipt date per year.,annual,Low single-digit % (est.),Common Fund HRHR specialized review emphasizing innovation/creativity and ESI potential; multi-stage editorial-board review (not standard study-section criteria).,,enumerated,https://commonfund.nih.gov/newinnovator,high,2026-07-18,active,,"Activity code DP2 is listed in NIH's activity-code index; the programme page reads “No open funding announcements. Check the funding opportunities page for past announcements and information about future announcements.” Between cycles, no termination notice.",https://commonfund.nih.gov/newinnovator,2026-09-17,2026-07-18,2026-07-18,2026-07-18,2026-07-18,
NIH Director's Pioneer Award (DP1),National Institutes of Health (NIH),federal_research,United States,no_stage_restriction,research_grant,research_project,"biomedical_health, life_sciences, domain_agnostic","Support individual scientists of exceptional creativity who propose pioneering, potentially transformative approaches to major challenges in biomedical/behavioral/social science (NIH Common Fund High-Risk, High-Reward).",,exploratory_highrisk,"$700,000 direct costs/yr (up to $3.5M direct costs over 5 years)",5 years,open_any_nationality,,Open to all career stages (single PD/PI); requires ≥51% research effort in years 1-3 (stepping down in years 4-5); must propose a new research direction.,none,n/a,FALSE,,individual_direct,"no (holding other NIH support is allowed); single-PI, new-direction requirement.",none,"One receipt date per year. High-Risk, High-Reward program.",annual,Low single-digit % (est.),Common Fund HRHR specialized review: emphasis on the significance/transformative potential of the idea and the investigator's creativity and track record; multi-stage editorial-board review with possible finalist interviews (not standard study-section criteria).,Community knowledge: bold vision and investigator creativity weigh more than detailed preliminary data; finalist interviews can matter (confidence low).,enumerated,https://commonfund.nih.gov/pioneer,high,2026-07-18,active,,"'No open funding announcements. Check the funding opportunities page for past announcements and information about future announcements.' Between cycles, with no termination notice — active under D-009.",https://commonfund.nih.gov/pioneer,2026-09-17,2026-09-17,2026-07-18,2026-07-18,2026-07-18,"Award re-verified 2026-09-17: '$700,000 in direct costs per year for up to 5 years' — matches."
NIH Exploratory/Developmental Research Grant (Parent R21),National Institutes of Health (NIH),federal_research,United States,no_stage_restriction,research_grant,research_project,"biomedical_health, life_sciences","Support early-stage, exploratory or developmental, higher-risk research — novel approaches, feasibility, or new methods — where preliminary data may be limited.",,exploratory_highrisk,"Up to $275,000 direct costs total over 2 years (no more than $200,000 in any single year)",Up to 2 years,open_any_nationality,,,none,n/a,FALSE,,individual_direct,no (preliminary data not required; open to all career stages). Not intended for large or extended projects.,none,3 standard cycles/yr. Not renewable as an R21.,rolling,~13-16% success rate (est.),NIH simplified 3-factor framework (Importance; Rigor & Feasibility; Expertise & Resources).,,enumerated,https://grants.nih.gov/funding/activity-codes/R21,high,2026-07-18,active,,"Activity code R21 (“Exploratory/Developmental Research Grant”) is listed in NIH's activity-code index as of 2026-09-17, with no retirement or archive notice.",https://grants.nih.gov/funding/activity-codes,2026-09-17,2026-07-18,2026-07-18,2026-07-18,2026-07-18,
NIH Institutional Research Training Grant (Ruth L. Kirschstein NRSA T32),National Institutes of Health (NIH),federal_research,United States,"graduate_predoc, postdoc",training_grant,"training, salary_stipend","biomedical_health, life_sciences",Enable institutions to develop or enhance research-training opportunities and to appoint predoctoral and/or postdoctoral trainees to structured programs in areas of NIH-mission need.,,career_training,Trainee stipends + tuition/fees + training-related expenses + institutional allowance (per appointed slot),"Up to 5 years, renewable",citizen_national_pr_required,,"The INSTITUTION (via a program director/faculty) applies; appointed trainees must be U.S. citizens, non-citizen nationals, or permanent residents.",none,n/a,FALSE,,individual_direct,n/a at the grant level; individual trainees are subject to NRSA aggregate support limits (5 yrs predoctoral / 3 yrs postdoctoral across institutional + individual awards) and NRSA payback/service provisions.,us_institution,"Institutional award; program director assembles faculty, trainees, curriculum. Trainee-citizenship gate is the notable restriction.",annual,unspecified,Institutional training-grant criteria (revised): Training Program & Environment; Program Director(s)/Faculty; Trainees & Recruitment; Training Record & Evaluation.,,enumerated,https://grants.nih.gov/funding/activity-codes/T32,high,2026-07-18,active,,"Activity code T32 (“Institutional National Research Service Award”) is listed in NIH's activity-code index as of 2026-09-17, with no retirement or archive notice.",https://grants.nih.gov/funding/activity-codes,2026-09-17,2026-07-18,2026-07-18,2026-07-18,2026-07-18,
NIH Loan Repayment Programs (Extramural LRP),National Institutes of Health (NIH),federal_research,United States,"postdoc, early_career_faculty, physician_scientist",loan_repayment,"salary_stipend, career_development",biomedical_health,"Repay qualified educational debt for doctoral-level researchers who commit to NIH mission-relevant research, helping recruit and retain health-research talent.",Not a research project grant — an individual loan-repayment benefit. Multiple topic-specific subprograms collapsed to one row per dataset guidance.,career_training,"Up to $50,000/yr of qualified educational debt repayment (confirmed current on grants.nih.gov LRP award page; plus tax offset)","Initial 2-year contracts, renewable (1-2 year renewals)",citizen_national_pr_required,,Doctoral-level degree; U.S. citizen/national/permanent resident; qualified educational debt ≥~20% of institutional base salary; engaged ≥20 hrs/week in qualifying research funded by a domestic nonprofit/university/government entity; not a federal employee.,none,n/a,FALSE,Extramural research-focus subprograms (Clinical; Pediatric; Health Disparities; Contraception & Infertility; Emerging Areas/REACH),individual_direct,does not require holding an NIH research grant; excludes federal employees and debt already covered by other loan-repayment obligations; research must be nonprofit/government-supported.,nonprofit_only,"Extramural subprograms collapsed: Clinical Research (LRP-CR), Pediatric Research (LRP-PR), Health Disparities Research (LRP-HDR), Contraception & Infertility Research (LRP-CIR), and Research in Emerging Areas Critical to Human Health (LRP-REACH). A subprogram aimed at clinical researchers from disadvantaged backgrounds (LRP-CRDB, NOT-OD-25-095) expired in 2025.",annual,unspecified,"LRP review: applicant's potential/commitment to a research career, qualifications and training, and the appropriateness/quality of the research and environment — not a project-science (study-section) review.",,enumerated,https://www.lrp.nih.gov/,high,2026-07-18,active,,"'We are accepting Extramural LRP applications through November 19, 2026.' Cycle opened 1 September 2026; awards start 1 July 2027.",https://grants.nih.gov/funding/funding-categories/lrp,2026-09-17,2026-09-17,2026-09-17,2026-07-18,2026-07-18,"Award re-verified 2026-09-17: 'repaying up to $50,000 annually of a researcher's qualified educational debt' — matches. Note lrp.nih.gov now 301-redirects to grants.nih.gov/funding/funding-categories/lrp."
NIH Mentored Clinical Scientist Research Career Development Award (Parent K08),National Institutes of Health (NIH),federal_research,United States,"postdoc, early_career_faculty, physician_scientist",career_development_award,"career_development, salary_stipend, research_project",biomedical_health,"Support supervised research career development of clinically trained professionals (e.g., MD, DO, DDS, DVM, PharmD) committed to laboratory or translational biomedical research.",,career_training,Salary support up to IC cap + research development costs (varies by IC) (est.),3-5 years,citizen_national_pr_required,,Clinical doctoral degree + clinical training; U.S. citizen/national/permanent resident by award; ≥75% (9 person-months) effort (some clinical carve-outs).,none,n/a,FALSE,,individual_direct,"yes: ineligible if current/former PD/PI on an NIH R01, P01, P50, or other major individual career/independent award (incl. DP5, K01, K07, K08, K22, K23, K25, K76, K99/R00). CARVE-OUTS preserving eligibility (quoted from PA-24-182): R03 Small Grant, R21/R33 Exploratory, R34/U34 Planning, R36 Dissertation, SBIR/STTR (R41, R42, R43, R44), K38 Transition Scholar, and institutional K appointments (K12, KL2).",us_institution,3 standard cycles/yr. Clinical-trial variants: independent CT not allowed / required / basic-experimental-with-humans (PA-24-181/182/183).,rolling,unspecified,"Mentored-K criteria (traditional K structure, not the simplified RPG framework): Candidate; Career Development Plan/Career Goals & Objectives; Research Plan; Mentor(s)/Co-Mentor(s)/Consultant(s)/Collaborator(s); Environment & Institutional Commitment.",,enumerated,https://grants.nih.gov/grants/guide/pa-files/PA-24-182.html,high,2026-07-18,active,,"Activity code K08 (“Mentored Clinical Scientist Research Career Development Award”) is listed in NIH's activity-code index as of 2026-09-17, with no retirement or archive notice.",https://grants.nih.gov/funding/activity-codes,2026-09-17,2026-07-18,2026-07-18,2026-07-18,2026-07-18,
NIH Mentored Patient-Oriented Research Career Development Award (Parent K23),National Institutes of Health (NIH),federal_research,United States,"postdoc, early_career_faculty, physician_scientist",career_development_award,"career_development, salary_stipend, research_project",biomedical_health,Support the mentored career development of clinically trained investigators committed to patient-oriented research (direct interaction with human subjects).,,career_training,Salary support up to IC cap + research development costs (varies by IC) (est.),3-5 years,citizen_national_pr_required,,Clinical doctoral degree; U.S. citizen/national/permanent resident by award; ≥75% (9 person-months) effort; focus on patient-oriented research.,none,n/a,FALSE,,individual_direct,"yes: same mentored-K exclusions as K08 — ineligible if current/former PD/PI of R01/P01/P50 or other major independent/career award (incl. prior K01/K08/K23/K25/K76/K99-R00, DP5). Carve-outs preserving eligibility: R03, R21/R33, R34/U34, R36, SBIR/STTR (R41-R44), K38, K12/KL2.",us_institution,3 standard cycles/yr. The clinical counterpart to K08 for human-subjects/patient-oriented research.,rolling,unspecified,Mentored-K criteria (traditional K structure): Candidate; Career Development Plan/Career Goals & Objectives; Research Plan; Mentor(s)/Collaborators; Environment & Institutional Commitment.,,enumerated,https://grants.nih.gov/funding/activity-codes/K23,high,2026-07-18,active,,"Activity code K23 (“Mentored Patient-Oriented Research Career Development Award”) is listed in NIH's activity-code index as of 2026-09-17, with no retirement or archive notice.",https://grants.nih.gov/funding/activity-codes,2026-09-17,2026-07-18,2026-07-18,2026-07-18,2026-07-18,
NIH Mentored Quantitative Research Career Development Award (Parent K25),National Institutes of Health (NIH),federal_research,United States,"postdoc, early_career_faculty",career_development_award,"career_development, salary_stipend, research_project","computing_math, engineering, physical_sciences, biomedical_health","Support career development of investigators with quantitative/computational backgrounds (math, statistics, physics, engineering, computer science, imaging/informatics) who are making a transition into biomedical, behavioral, or clinical research.",,career_training,Salary support up to IC cap + research development costs (varies by IC) (est.),3-5 years,citizen_national_pr_required,,Quantitative-science doctorate; U.S. citizen/national/permanent resident by award; career stage from postdoctoral through junior faculty; ≥75% (9 person-months) effort.,none,n/a,FALSE,,individual_direct,"yes: standard mentored-K exclusions — ineligible if current/former PD/PI of R01/P01/P50 or other major independent/career award (incl. prior K awards, DP5). Carve-outs preserving eligibility: R03, R21/R33, R34/U34, R36, SBIR/STTR (R41-R44), K38, K12/KL2.",us_institution,3 standard cycles/yr. Purpose is disciplinary bridge into biomedical research.,rolling,unspecified,Mentored-K criteria (traditional K structure): Candidate; Career Development Plan/Goals; Research Plan; Mentor(s)/Collaborators; Environment & Institutional Commitment.,,enumerated,https://grants.nih.gov/funding/activity-codes/K25,high,2026-07-18,active,,"Activity code K25 (“Mentored Quantitative Research Career Development Award”) is listed in NIH's activity-code index as of 2026-09-17, with no retirement or archive notice.",https://grants.nih.gov/funding/activity-codes,2026-09-17,2026-07-18,2026-07-18,2026-07-18,2026-07-18,
NIH Mentored Research Scientist Development Award (Parent K01),National Institutes of Health (NIH),federal_research,United States,"postdoc, early_career_faculty",career_development_award,"career_development, salary_stipend, research_project","biomedical_health, life_sciences","Provide protected time and supervised/mentored research career development for a research scientist, often to gain new expertise or change research direction.",,career_training,Salary support up to IC cap + research development costs; total commonly ~$100k-$175k/yr (varies by IC) (est.),3-5 years,citizen_national_pr_required,,Research doctorate; U.S. citizen/national/permanent resident by award; ≥75% (9 person-months) effort. IC-specific windows apply.,none,n/a,FALSE,,individual_direct,"yes: ineligible if current/former PD/PI of an NIH R01, P01, P50, or other major independent/career award (incl. DP1/DP2/DP5 and prior K01/K07/K08/K22/K23/K25/K76/K99-R00). Carve-outs preserving eligibility: R03, R21/R33, R34/U34, R36 Dissertation, SBIR/STTR (R41-R44), K38, and institutional K appointments (K12/KL2). (Standard mentored-K eligibility per Parent K NOFOs.)",us_institution,3 standard cycles/yr. Some ICs use K01 specifically for defined populations/fields.,rolling,unspecified,Mentored-K criteria (K awards are NOT on the simplified RPG 3-factor framework): Candidate; Career Development Plan/Career Goals & Objectives; Research Plan; Mentor(s)/Co-Mentor(s)/Consultant(s)/Collaborator(s); Environment & Institutional Commitment.,,enumerated,https://grants.nih.gov/funding/activity-codes/K01,high,2026-07-18,active,,"Activity code K01 (“Mentored Research Scientist Development Award”) is listed in NIH's activity-code index as of 2026-09-17, with no retirement or archive notice.",https://grants.nih.gov/funding/activity-codes,2026-09-17,2026-07-18,2026-07-18,2026-07-18,2026-07-18,
NIH Midcareer Investigator Award in Patient-Oriented Research (Parent K24),National Institutes of Health (NIH),federal_research,United States,"midcareer, physician_scientist",career_development_award,"career_development, salary_stipend",biomedical_health,Provide protected time to already-independent mid-career clinician-investigators to conduct patient-oriented research and to mentor the next generation of POR investigators.,,career_training,Salary support + research/mentoring costs (varies by IC) (est.),3-5 years,citizen_national_pr_required,,Independent mid-career investigator; clinical doctoral degree; U.S. citizen/national/permanent resident by award; ≥25-50% effort (varies).,none,n/a,FALSE,,individual_direct,"INVERTED eligibility: REQUIRES current independent, peer-reviewed research support as PD/PI (e.g., active R01 or equivalent) at time of award. Intended for funded independent investigators — the opposite of the mentored-K exclusions. Not for those lacking independent funding.",us_institution,3 standard cycles/yr. Emphasis on mentoring role; candidate must be an established POR investigator.,rolling,unspecified,"K24 criteria emphasize the candidate's independent research record, quality of the mentoring plan, patient-oriented research plan, and environment/institutional commitment.",,enumerated,https://grants.nih.gov/funding/activity-codes/K24,medium,2026-07-18,active,,"Activity code K24 (“Midcareer Investigator Award in Patient-Oriented Research”) is listed in NIH's activity-code index as of 2026-09-17, with no retirement or archive notice.",https://grants.nih.gov/funding/activity-codes,2026-09-17,2026-07-18,2026-07-18,2026-07-18,2026-07-18,
NIH Pathway to Independence Award (K99/R00),National Institutes of Health (NIH),federal_research,United States,"postdoc, transition, physician_scientist",career_development_award,"career_development, research_project, salary_stipend","biomedical_health, life_sciences","Facilitate a timely transition of outstanding postdoctoral researchers from mentored (K99) to independent, tenure-track-eligible faculty (R00) positions with independent NIH research support.",,career_training,"K99: up to $125,000 direct costs/yr; R00: up to $249,000 total costs/yr (equipment capped $50k)",Up to 5 years total (K99 ≤2 yrs mentored + R00 ≤3 yrs independent),open_any_nationality,4,"No more than 4 years of postdoctoral research experience at submission (extensions for childbirth, family/medical leave, field change, career breaks with prior IC approval). Must hold a mentored postdoc position — faculty/independent applicants ineligible.",none,n/a,FALSE,,individual_direct,"yes: ineligible if currently or previously an independent PD/PI on an NIH research grant (e.g., R01, R03, R21), an NIH career development (K) award, or another peer-reviewed research grant over $100,000 direct costs/yr; may not hold a concurrent independent research award or another pending career award (per Parent K99/R00 NOFO PA-24-194).",us_institution,NOTABLY does NOT require U.S. citizenship/permanent residence (confirmed in PA-24-194; unlike NRSA F/T awards). K99 requires ≥75% (9 person-months) effort. Physician-scientist and clinical-trial variants exist at several ICs.,rolling,~25-30% (est.),Mentored career-award criteria (K awards are NOT on the simplified RPG framework): Candidate; Career Development Plan/Goals; Research Plan; Mentor(s)/Collaborators; Environment & Institutional Commitment (with emphasis on transition to independence).,,enumerated,https://nigms.nih.gov/training/careerdev/Pages/PathwayIndependence,high,2026-07-18,active,,"Active parent announcement PA-24-194 (NIH Pathway to Independence Award, Parent K99/R00). No suspension notice.",https://nigms.nih.gov/training/careerdev/Pages/PathwayIndependence,2026-09-17,2026-09-17,2026-09-17,2026-07-18,2026-07-18,"Award re-verified 2026-09-17: K99 'total cost per year for the initial mentored phase may not exceed $125,000'; R00 'may not exceed $249,000 per year' — matches. Eligibility: 'no more than 4 years of postdoctoral research experience', with exceptions for childbirth, medical leave or a change of field."
NIH Phased Milestone-Driven Awards (UG3/UH3 and UH2/UH3),National Institutes of Health (NIH),federal_research,United States,no_stage_restriction,cooperative_agreement,research_project,"biomedical_health, life_sciences","Support two-phase, milestone-gated projects: an initial development/feasibility phase (UG3 or UH2) that must meet defined go/no-go milestones before transitioning to an expanded implementation phase (UH3).","Phased, go/no-go structure with a formal administrative milestone review before releasing second-phase funds. UG3/UH3 and many UH2/UH3 are cooperative agreements (substantial NIH involvement). Distinct from SBIR/STTR, where commercialization lives.",translational_productdev,"Phase-specific, milestone-defined budgets (varies by NOFO)",First phase ~1-2 yrs then second phase ~2-3 yrs after milestone review,open_any_nationality,,,none,n/a,FALSE,,individual_direct,no (initiative-driven; eligibility per NOFO).,none,"Issued via targeted initiatives (e.g., HEAL, clinical/translational programs). Two activity-code pairs collapsed here: UG3→UH3 (cooperative agreement) and UH2→UH3.",irregular,unspecified,NIH simplified 3-factor framework plus explicit evaluation of proposed milestones and the go/no-go transition plan.,,enumerated,https://grants.nih.gov/funding/activity-codes/UG3,medium,2026-07-18,unknown,,,,,2026-07-18,2026-07-18,2026-07-18,2026-07-18,"UNRESOLVED 2026-09-17: activity codes UG3, UH2 and UH3 are absent from NIH's activity-code index on two independent reads, while every other code in this corpus is listed. Absence is not evidence of retirement (D-009), so status stays unknown; needs a direct check against a current UG3/UH3 funding opportunity."
NIH R01 for Early Stage / New Investigators (ESI/NI-flagged R01),National Institutes of Health (NIH),federal_research,United States,early_career_faculty,research_grant,research_project,"biomedical_health, life_sciences","Standard R01 carrying an Early Stage Investigator (ESI) / New Investigator (NI) flag, giving first-time independent PIs special payline and review consideration.","Split from the generic R01 row because career-stage eligibility, review handling, and paylines differ (a filterable field).",hypothesis_driven_mature,"Same as R01 (typically <$500,000 direct costs/yr)",Up to 5 years,open_any_nationality,10,"ESI = within 10 years of completing terminal research degree OR end of post-graduate clinical training, AND has not previously competed successfully for a substantial NIH independent research award (R01-equivalent). Extensions available (e.g., family/medical leave, clinical duties).",none,n/a,FALSE,,individual_direct,"eligibility ENHANCEMENT, not exclusion: prior/current small awards do NOT remove ESI/NI status — R03, R21, R34/U34, R15, R36, SBIR/STTR, all F and K awards (incl. K99/R00) preserve ESI. Winning an R01, U01, P01, DP1/DP2, or other substantial independent research award ends ESI/NI status.",none,Same R01 application; ESI apps are clustered in study section and reviewed against peers; ICs typically extend the payline for ESI-flagged applications.,rolling,ESI paylines typically more generous than established-PI R01 paylines (est.),Same simplified 3-factor framework as R01 (Factor 1 Importance; Factor 2 Rigor & Feasibility; Factor 3 Expertise & Resources).,Community knowledge: ESI applications receive payline breaks and are grouped separately in review (well-established).,enumerated,https://grants.nih.gov/policy-and-compliance/policy-topics/early-stage-investigators/policy,high,2026-07-18,active,,"Activity code R01 (“Research Project”) is listed in NIH's activity-code index as of 2026-09-17, with no retirement or archive notice.",https://grants.nih.gov/funding/activity-codes,2026-09-17,2026-07-18,2026-07-18,2026-07-18,2026-07-18,
NIH Research Project Cooperative Agreement (U01),National Institutes of Health (NIH),federal_research,United States,no_stage_restriction,cooperative_agreement,research_project,"biomedical_health, life_sciences","Support a discrete, specified research project (scientific scope like an R01) carried out under a cooperative agreement in which NIH staff have substantial, defined programmatic involvement.","COOPERATIVE AGREEMENT (U-series): investigator-initiated science but with SUBSTANTIAL NIH programmatic staff involvement as scientific partners — e.g., joint steering committees, milestones, shared decision-making, common protocols/data-sharing. NOT a translation-specific vehicle; the 'U' denotes agency involvement, not project type.",hypothesis_driven_mature,"Varies by NOFO (often larger, milestone-linked)",Typically 3-5 years,open_any_nationality,,,none,n/a,FALSE,,individual_direct,no (typically driven by targeted NOFOs/RFAs; open to eligible investigators).,none,Almost always issued under specific initiatives rather than a single parent PA; scope and involvement defined per NOFO.,rolling,unspecified,NIH simplified 3-factor framework (Importance; Rigor & Feasibility; Expertise & Resources).,,enumerated,https://grants.nih.gov/funding/activity-codes/U01,high,2026-07-18,active,,"Activity code U01 (“Research Project--Cooperative Agreements”) is listed in NIH's activity-code index as of 2026-09-17, with no retirement or archive notice.",https://grants.nih.gov/funding/activity-codes,2026-09-17,2026-07-18,2026-07-18,2026-07-18,2026-07-18,
NIH Research Project Grant (Parent R01),National Institutes of Health (NIH),federal_research,United States,no_stage_restriction,research_grant,research_project,"biomedical_health, life_sciences","Support a discrete, specified, circumscribed project in the PI's area of competence; NIH's flagship investigator-initiated, hypothesis-driven research grant.",,hypothesis_driven_mature,"Typically <$500,000 direct costs/yr; modular up to $250,000/yr",Up to 5 years (commonly 3-5),open_any_nationality,,Open to new and established investigators; single- or multi-PI; domestic and foreign institutions.,none,n/a,FALSE,,individual_direct,no (no prior-funding bar; open to new and established investigators). PIs with no prior substantial NIH independent award are flagged New Investigator/ESI (see ESI row).,none,"3 standard due-date cycles/yr; budgets >$500,000 direct costs in any year need prior NIH acceptance.",rolling,~20% funding success rate (est.),"NIH simplified framework (due dates on/after 2025-01-25): Factor 1 Importance of the Research (Significance, Innovation); Factor 2 Rigor and Feasibility (Approach, incl. inclusion & clinical-trial elements); Factor 3 Expertise and Resources (Investigators, Environment). Overall Impact 1-9.",Community knowledge: Approach/rigor historically the dominant driver of the overall impact score; strong preliminary data expected (confidence low).,enumerated,https://grants.nih.gov/funding/activity-codes/R01,high,2026-07-18,active,,"'The Research Project (R01) is NIH's most commonly used grant program for independent research projects.' No retirement, archive or supersession notice on the activity-code page.",https://grants.nih.gov/funding/activity-codes/R01,2026-09-17,2026-07-18,2026-09-17,2026-07-18,2026-07-18,"Re-verified 2026-09-17: 'Applications are generally awarded for 1-5 budget periods, each normally 12 months in duration'; budgets 'generally not limited but need to reflect the actual needs of the proposed project'."
NIH Resource-Related Research Projects / Resource Grants (R24 and U24),National Institutes of Health (NIH),federal_research,United States,no_stage_restriction,infrastructure_equipment,"research_project, community","biomedical_health, life_sciences","Support research infrastructure and shared resources — data/biospecimen repositories, coordinating centers, tools, methods, dissemination and enhancement of research resources — that serve a research community.",U24 = cooperative agreement (substantial NIH programmatic involvement); R24 = standard grant. Collapsed as one resource-mechanism row with the coop-agreement variant noted.,infrastructure_resource,"Varies by resource (often multi-year, sizable)",Typically up to 5 years,open_any_nationality,,,none,n/a,FALSE,,individual_direct,no (initiative-driven; eligibility per NOFO).,none,"Two activity codes collapsed: R24 (grant) and U24 (cooperative-agreement variant with substantial NIH involvement, often coordinating/data centers).",irregular,unspecified,"Resource-specific criteria: need/utility of the resource to the research community, quality/innovation, access & data-sharing plan, and management/oversight.",,enumerated,https://grants.nih.gov/funding/activity-codes/R24,medium,2026-07-18,active,,"Activity code R24/U24 (“Resource-Related Research Projects”) is listed in NIH's activity-code index as of 2026-09-17, with no retirement or archive notice.",https://grants.nih.gov/funding/activity-codes,2026-09-17,2026-07-18,2026-07-18,2026-07-18,2026-07-18,
NIH SBIR/STTR Small Business Programs (R43/R44 SBIR; R41/R42 STTR),National Institutes of Health (NIH),federal_research,United States,no_stage_restriction,research_grant,"commercialization, research_project","biomedical_health, life_sciences, engineering","Fund U.S. small businesses to conduct R&D with strong potential for commercialization of biomedical products/services: Phase I (feasibility/proof-of-concept) and Phase II (full R&D), with Fast-Track combining both.",This is where NIH commercialization lives (per dataset rules). SBIR (R43/R44) vs STTR (R41/R42) differ mainly by the mandatory nonprofit research-institution partnership and work-split — a filterable difference noted rather than split.,translational_productdev,"Phase I: normally ≤$323,090 total costs; Phase II: normally ≤$2,153,927 total costs (current NIH/SBA guideline caps, adjusted annually; topic-specific waivers allow higher amounts)",Phase I ~6 months-1 year; Phase II ~2 years (up to 3),other,,,none,n/a,FALSE,,individual_direct,"eligibility gate is organizational: for-profit U.S. small business (≤500 employees; >50% U.S.-owned by individuals/other eligible small businesses). SBIR: PI's primary employment must be with the small business; SB performs ≥67% (Phase I)/≥50% (Phase II). STTR: formal partnership with a U.S. nonprofit research institution required, with the research institution performing ≥30% and the small business ≥40% of the work; STTR PI may be at either partner.",small_business,"3 standard cycles/yr. Contract solicitations also exist. SBIR and STTR collapsed (they differ in the RI-partnership requirement, noted).",rolling,unspecified,NIH simplified 3-factor framework PLUS commercialization potential/commercial merit as an explicit review consideration.,,enumerated,https://seed.nih.gov/small-business-funding,high,2026-07-18,active,,"Activity code R41/R42/R43/R44 (“SBIR and STTR grant codes”) is listed in NIH's activity-code index as of 2026-09-17, with no retirement or archive notice.",https://grants.nih.gov/funding/activity-codes,2026-09-17,2026-07-18,2026-07-18,2026-07-18,2026-07-18,
NIH Small Research Grant (Parent R03),National Institutes of Health (NIH),federal_research,United States,no_stage_restriction,research_grant,research_project,"biomedical_health, life_sciences","Support small, discrete, well-defined projects: pilot/feasibility studies, secondary analysis of existing data, small self-contained research, or development of new methodology.",,feasibility_pilot,"Up to $50,000 direct costs/yr",Up to 2 years,open_any_nationality,,,none,n/a,FALSE,,individual_direct,no (open to all stages). Not renewable; not for large/extended projects.,none,3 standard cycles/yr; modular budget.,rolling,unspecified,NIH simplified 3-factor framework (Importance; Rigor & Feasibility; Expertise & Resources).,,enumerated,https://grants.nih.gov/funding/activity-codes/R03,high,2026-07-18,active,,"Activity code R03 (“Small Research Grant”) is listed in NIH's activity-code index as of 2026-09-17, with no retirement or archive notice.",https://grants.nih.gov/funding/activity-codes,2026-09-17,2026-07-18,2026-07-18,2026-07-18,2026-07-18,
Ruth L. Kirschstein NRSA Individual Postdoctoral Fellowship (Parent F32),National Institutes of Health (NIH),federal_research,United States,postdoc,fellowship,"training, salary_stipend","biomedical_health, life_sciences","Enhance the research training of promising postdoctoral candidates who have the potential to become productive, independent investigators in health-related research.",,career_training,NRSA postdoctoral stipend (by years of experience) + allowances,Up to 3 years,citizen_national_pr_required,,Research or clinical doctoral degree; U.S. citizen/national/permanent resident by award; postdoctoral stage.,none,n/a,FALSE,,individual_direct,yes: may not have previously been PD/PI on a substantial NIH research grant; aggregate NRSA postdoctoral support capped at 3 years across institutional (T32) + individual fellowships; may not concurrently hold another duplicative federal fellowship.,us_institution,3 standard cycles/yr.,rolling,unspecified,Revised NRSA fellowship criteria (2025): (1) Fellowship Applicant's Preparedness & Potential; (2) Research Training Plan; (3) Commitment to the Candidate (Sponsor/mentoring & Institutional Environment).,,enumerated,https://grants.nih.gov/funding/activity-codes/F32,high,2026-07-18,active,,"Activity code F32 (“Postdoctoral Individual National Research Service Award”) is listed in NIH's activity-code index as of 2026-09-17, with no retirement or archive notice.",https://grants.nih.gov/funding/activity-codes,2026-09-17,2026-07-18,2026-07-18,2026-07-18,2026-07-18,
Ruth L. Kirschstein NRSA Individual Predoctoral Fellowship (Parent F31),National Institutes of Health (NIH),federal_research,United States,graduate_predoc,fellowship,"training, salary_stipend","biomedical_health, life_sciences","Provide predoctoral PhD students with supervised research training toward becoming independent biomedical, behavioral, or clinical research scientists.",F31-Diversity is documented here as a discontinued variant rather than a separate active row because a discontinued program is not a standing mechanism; the discontinuation is itself the required post-SFFA identity drift finding.,career_training,NRSA predoctoral stipend + tuition/fees + institutional allowance (stipend set annually),Up to 5 years,citizen_national_pr_required,,"Currently enrolled in a PhD or equivalent research-doctoral program; U.S. citizen, non-citizen national, or permanent resident by time of award.",none,n/a,FALSE,,individual_direct,yes: may not have previously been PD/PI on an NIH research grant; aggregate NRSA predoctoral support capped at 5 years across institutional (T32) + individual fellowships; may not concurrently hold another federal fellowship that duplicates the award; ineligible once the doctoral degree is conferred. (Parent F31 PA-25-422.),us_institution,"3 standard cycles/yr. IMPORTANT DRIFT: the former Parent F31-Diversity announcement (predoctoral fellowship to promote diversity; PA-21-052 lineage) was DISCONTINUED in 2025 — the diversity application pathway ended ~late May 2025, some active diversity F31 awards were terminated (corroborated by 2025 NIH-F31 termination reporting), and NIH directed diversity-eligible applicants to this standard Parent F31. Post-SFFA / DEI executive-action driven; historical race/ethnicity 'restricted_to' status is NOT carried forward.",rolling,unspecified,Revised NRSA fellowship criteria (due dates on/after 2025-01-25): (1) Fellowship Applicant's Preparedness & Potential; (2) Research Training Plan; (3) Commitment to the Candidate (Sponsor/mentoring & Institutional Environment).,,enumerated,https://grants.nih.gov/grants/guide/pa-files/PA-25-422.html,high,2026-07-18,active,,"Activity code F31 (“Predoctoral Individual National Research Service Award”) is listed in NIH's activity-code index as of 2026-09-17, with no retirement or archive notice.",https://grants.nih.gov/funding/activity-codes,2026-09-17,2026-07-18,2026-07-18,2026-07-18,2026-07-18,
Ruth L. Kirschstein NRSA Individual Predoctoral MD/PhD (Dual-Degree) Fellowship (F30),National Institutes of Health (NIH),federal_research,United States,"graduate_predoc, physician_scientist",fellowship,"training, salary_stipend","biomedical_health, life_sciences","Support integrated research and clinical training of predoctoral students in approved dual-doctoral-degree programs (MD/PhD, DO/PhD, DDS/PhD, DVM/PhD, AuD/PhD) developing into clinician-scientists.",,career_training,NRSA predoctoral stipend + tuition/fees + institutional allowance (stipend levels set annually),Up to 6 years (dual-degree),citizen_national_pr_required,,Must be enrolled in an approved dual-degree program; U.S. citizen/national/permanent resident by award.,none,n/a,FALSE,,individual_direct,"yes: individual predoctoral NRSA rules apply — may not have previously been PD/PI on an NIH research grant; aggregate NRSA predoctoral support capped (up to 6 years for dual-degree F30 trainees, vs 5 for F31); cannot concurrently hold another federal fellowship duplicating the award; ineligible once the PhD is conferred.",us_institution,3 standard cycles/yr. Differs from F31 mainly by required dual-degree enrollment and physician-scientist track (a filterable career-stage difference).,rolling,unspecified,Revised NRSA fellowship criteria (due dates on/after 2025-01-25): (1) Fellowship Applicant's Preparedness & Potential; (2) Research Training Plan; (3) Commitment to the Candidate (Sponsor/mentoring & Institutional Environment).,,enumerated,https://grants.nih.gov/funding/activity-codes/F30,high,2026-07-18,active,,"Activity code F30 (“Individual Predoctoral NRSA for M.D./Ph.D. Fellowships”) is listed in NIH's activity-code index as of 2026-09-17, with no retirement or archive notice.",https://grants.nih.gov/funding/activity-codes,2026-09-17,2026-07-18,2026-07-18,2026-07-18,2026-07-18,
Ruth L. Kirschstein NRSA Senior Fellowship (F33),National Institutes of Health (NIH),federal_research,United States,"senior_established, midcareer",fellowship,"training, salary_stipend","biomedical_health, life_sciences","Support experienced scientists who wish to make major changes in research direction, broaden their scientific background, acquire new research capabilities, or take a sabbatical for retraining.",,career_training,NRSA senior stipend + allowances,Up to 2 years (est.),citizen_national_pr_required,,"Established/senior scientists, typically ≥7 years of relevant postdoctoral/research experience; U.S. citizen/national/permanent resident by award; U.S. domestic or foreign sponsoring institutions eligible.",none,n/a,FALSE,,individual_direct,yes: individual NRSA senior fellowship; for independently experienced scientists changing direction/retraining — not for early-stage trainees; standard NRSA duplication/payback rules apply.,none,3 standard cycles/yr. Distinguished from F32 by career stage (experienced vs early postdoc).,rolling,unspecified (low volume),"Revised NRSA fellowship criteria (2025): Applicant's Preparedness & Potential; Research Training Plan; Commitment to the Candidate (Sponsor & Environment), oriented to a senior retraining/change-of-direction plan.",,enumerated,https://grants.nih.gov/funding/activity-codes/F33,high,2026-07-18,active,,"Activity code F33 (“National Research Service Awards for Senior Fellows”) is listed in NIH's activity-code index as of 2026-09-17, with no retirement or archive notice.",https://grants.nih.gov/funding/activity-codes,2026-09-17,2026-07-18,2026-07-18,2026-07-18,2026-07-18,
"Research Supplements to Promote Re-entry, Re-integration into, and Re-training in Health-Related (Biomedical and Behavioral) Research Careers - Re-entry component","National Institutes of Health (NIH); led by the Office of Research on Women's Health (ORWH) and administered by participating Institutes/Centers (e.g., NHLBI, NCI, NIA, NIDA, NIGMS, NINDS)",federal_research,United States,"reentry, postdoc, early_career_faculty",career_development_award,"salary_stipend, career_development, training, research_project","biomedical_health, life_sciences, social_sciences","Provides administrative supplements to active NIH research grants to support individuals with high potential to re-enter an active biomedical or behavioral research career after a qualifying interruption (family/caregiving, illness or injury, relocation, debt-driven non-research work, emergency job loss, or military service) through a mentored research training experience.","Administrative supplement to an existing active NIH research grant (parent Administrative Supplement PA-20-272, now the PA-26-001 lineage), NOT a standalone award: the re-entering scientist is added to a current PI's active grant. The umbrella NOSI historically bundled three distinct tracks - Re-entry (return after interruption), Re-integration (leaving unsafe/discriminatory research environments), and Re-training (acquiring new skills). NIH restructured in 2025: combined NOSI NOT-OD-23-170 had its expiration pulled forward to 09/09/2025, and Institutes now present Re-entry separately (e.g., NHLBI posts 'Re-Entry' pages split by career level, dropping the re-integration/re-training branding).",career_training,"Salary plus fringe at the NIH-appropriate level plus a modest research allowance (e.g., NHLBI: up to $6,000/yr supplies and travel and up to $1,000/yr for scientific meetings); total varies by Institute/Center and the host grant",1 to 3 years (up to the remaining project period of the parent grant),citizen_national_pr_required,,Career interruption of at least 6 months (1 year at some Institutes) and no more than 8 years; candidate must have been in an advanced postdoctoral or investigator-level position at the time of the interruption,none,n/a,FALSE,,other,Requires an existing active NIH research grant to host the supplement (the mechanism is itself a supplement to current NIH funding); the re-entering candidate must not currently hold independent research support and generally cannot be a current PD/PI on an NIH research award.,us_institution,"The re-entering individual must hold a doctoral (or equivalent) degree with prior advanced-postdoc or investigator-level experience, must not currently be engaged in full-time paid research, and applies through a mentor/PI who holds an active, eligible NIH research grant with sufficient time remaining. Qualifying interruption reasons include childcare/family responsibilities, illness or injury, relocation, debt-driven non-research work, emergency job loss (e.g., COVID-19), and military service.",rolling,unspecified,"Administrative (non-peer) IC review of the candidate's potential to re-enter an independent research career, the quality and appropriateness of the mentored training plan, and relevance to the parent grant and the Institute's mission","A strong, well-funded host lab/mentor with an active parent grant; a credible time-limited plan to return to independent research; clear documentation of the qualifying interruption",enumerated,https://grants.nih.gov/grants/guide/notice-files/NOT-OD-23-170.html,medium,2026-07-18,unknown,,,,,2026-07-18,2026-07-18,2026-07-18,2026-07-18,"Last umbrella NOSI NOT-OD-23-170 (released 09/06/2023) had its expiration moved up to 09/09/2025; a reissued umbrella NOSI was not locatable in the NIH Guide as of the checked date. The program remains active and is administered by individual Institutes/Centers via IC-specific guidelines tied to the parent Administrative Supplement PA. Confirm the current IC notice with the target Institute before applying. SOURCE DEFECT 2026-09-17: source_url is NOT-OD-23-170, which now reads “This notice has expired” (expiry moved to 9 September 2025) and directs readers to “Check the NIH Guide for active opportunities and notices”. An expired notice says the announcement lapsed, not that the programme ended, so status stays unknown. Re-point at the current re-entry supplement notice and re-check."
CyberCorps Scholarship for Service (SFS) / CyberAICorps (CyberAI SFS),National Science Foundation (NSF),federal_research,United States,"undergraduate, graduate_predoc",training_grant,"salary_stipend, training",computing_math,Addresses cybersecurity and AI workforce shortages by funding student scholarships in exchange for a post-graduation government service obligation; expanded to AI (CyberAI SFS).,"Renamed CyberAICorps (CyberAI SFS); current solicitation NSF 26-503 confirmed active (posted Feb 4, 2026; replaces NSF 23-574). Classified training_grant (institutionally administered workforce scholarship with a service obligation); submission_path=other to reflect the institution-proposal-then-student-scholarship structure. topic_restricted=true with specific_topic captures the cybersecurity/AI gate in its own column.",career_training,"Student stipends $27,000/yr (undergraduate) and $37,000/yr (graduate) + full tuition/fees + $6,000/yr professional allowance",Up to 3 years of scholarship support per student,citizen_national_pr_required,,"Students: US citizens or lawful permanent residents, enrolled full-time, within ~3 years of degree completion (community-college sophomore; bachelor's junior/senior; master's or doctoral), who commit to post-graduation government service equal to the scholarship length. Institutions: accredited US institutions of higher education submit proposals.",none,n/a,TRUE,"Cybersecurity and artificial intelligence (AI) workforce, including using AI in cybersecurity operations and securing/making resilient AI systems",other,no,us_institution,"Institutions apply and administer scholarships; enrolled students then apply to the funded SFS program and accept a binding federal (or state/local/tribal) service commitment. Citizenship encoded as citizen_national_pr_required (page specifies US citizens or lawful permanent residents). Stipends ($27K UG / $37K grad), tuition, and $6K professional allowance reconfirmed against active NSF 26-503.",annual,unspecified,"Intellectual Merit and Broader Impacts, plus solicitation-specific program criteria.",Broader Impacts weighs in review; demonstrated placement of graduates into qualifying government service is treated as central to program competitiveness (community knowledge).,enumerated,https://www.nsf.gov/funding/opportunities/cyberai-sfs-cyberaicorps-scholarship-service/nsf26-503/solicitation,high,2026-07-18,active,,“Active funding opportunity - This document is the current version”; Scholarship Track deadline 21 July 2026. NSF 26-503 replaces NSF 23-574.,https://www.nsf.gov/funding/opportunities/cyberai-sfs-cyberaicorps-scholarship-service/nsf26-503/solicitation,2026-09-17,2026-07-18,2026-07-18,2026-07-18,2026-07-18,Two focus areas in NSF 26-503: Cyber (using AI in cybersecurity) and AI (securing AI systems). Service obligation is at least the length of the scholarship.
EArly-concept Grants for Exploratory Research (EAGER),National Science Foundation (NSF),federal_research,United States,no_stage_restriction,research_grant,research_project,domain_agnostic,"Supports exploratory work on untested but potentially transformative 'high-risk, high-reward' ideas or approaches in their earliest stages.",Classified research_grant with exploratory_highrisk stage; submission_path=other because prior PO concurrence is mandatory. Defined in PAPPG Chapter II (24-1 confirmed current).,exploratory_highrisk,"Up to $300,000 total",Up to 2 years,open_any_nationality,,Any eligible NSF PI/organization; requires prior program-officer consultation and concurrence before submission.,none,n/a,FALSE,,other,no,us_institution,Not a standalone solicitation; a special proposal type available across NSF programs. $300K/2yr limits corroborated on NSF's early-career researchers page.,rolling,unspecified,"Intellectual Merit and Broader Impacts; reviewed internally at NSF (external review at NSF's option), no external panel required.",Prior program-officer buy-in is effectively decisive—EAGERs are PO-championed and cannot be submitted without concurrence (community knowledge).,enumerated,https://www.nsf.gov/policies/pappg/24-1/ch-2-proposal-preparation,high,2026-07-18,active,,Still listed as a selectable proposal type in the PAPPG (Chapter II.F.3) as “EArly-concept Grants for Exploratory Research (EAGER)”.,https://www.nsf.gov/policies/pappg/24-1/ch-2-proposal-preparation,2026-09-17,2026-07-18,2026-07-18,2026-07-18,2026-07-18,"Paired with RAPID as NSF's flexible non-standard funding mechanisms. Status source is PAPPG 24-1; NSF has since issued supplemental policy notices NSF 26-200 and NSF 26-202 (applying to awards from 8 Dec 2025 and 22 Jan 2026). The mechanism persists, but the cited PAPPG edition is no longer the whole picture."
Faculty Early Career Development Program (CAREER),National Science Foundation (NSF),federal_research,United States,early_career_faculty,career_development_award,"research_project, career_development",domain_agnostic,Supports early-career faculty who can serve as academic role models in research and education and lead advances in their department/organization's mission; requires integration of research and education.,Standing single-PI early-career mechanism (not a one-off solicitation); classified career_development_award. PECASE nominations are drawn from CAREER awardees.,career_training,"Minimum $400,000 total over 5 years; some directorates (e.g., BIO, ENG, CISE) set a $500,000 minimum",5 years,open_any_nationality,,"Untenured, pre-tenure tenure-track (or equivalent) faculty holding a PhD at an eligible US organization; one CAREER submission per annual competition, up to three attempts while eligible.",none,n/a,FALSE,,individual_direct,"yes: may not have received a prior CAREER award; PI must be untenured and in a tenure-track (or tenure-track-equivalent) Assistant Professor (or equivalent) position holding a doctoral degree at submission. Prior/other NSF research grants (e.g., standard grants) do NOT disqualify.",us_institution,"No citizenship requirement for the PI; eligibility is defined by pre-tenure faculty status at an eligible US institution. Not a limited submission, but one proposal per PI per annual competition.",annual,unspecified (varies by directorate),"Intellectual Merit and Broader Impacts (NSF's two merit-review criteria), plus integration of research and education.","Broader Impacts is widely regarded as make-or-break; a compelling, well-integrated education/outreach plan is treated as essential regardless of research strength (well-established community knowledge).",enumerated,https://www.nsf.gov/funding/opportunities/career-faculty-early-career-development-program,high,2026-07-18,active,,"“July 28 2027 - Deadline date”, “Fourth Wednesday in July, Annually Thereafter”; current solicitation NSF 22-586. No supersession notice.",https://www.nsf.gov/funding/opportunities/career-faculty-early-career-development-program,2026-09-17,2026-07-18,2026-07-18,2026-07-18,2026-07-18,Verified current solicitation NSF 22-586; annual deadline is July 22 (2026 cycle). Amounts ($400K min; $500K min for some directorates) confirmed on funder page.
Grants for Rapid Response Research (RAPID),National Science Foundation (NSF),federal_research,United States,no_stage_restriction,research_grant,research_project,domain_agnostic,"Supports quick-response research on the availability of, or access to, ephemeral data/phenomena, including responses to natural or anthropogenic disasters and other urgent events.","$200,000 / 1-year caps are the long-standing PAPPG Chapter II limits (PAPPG 24-1 confirmed current); the figures did not render on-page to the extractor at fetch, so confidence is medium pending direct on-page confirmation. Paired with EAGER.",unspecified,"Up to $200,000 total (PAPPG limit)",Up to 1 year,open_any_nationality,,"Any eligible NSF PI/organization; for urgent, time-sensitive research (e.g., quickly perishable data or events, or response to disasters/emergencies); requires prior program-officer concurrence before submission.",none,n/a,FALSE,,other,no,us_institution,Not a standalone solicitation; a special proposal type available across NSF programs.,rolling,unspecified,"Intellectual Merit and Broader Impacts; reviewed internally at NSF, no external panel required.",Program-officer concurrence before submission is effectively required and decisive (community knowledge).,enumerated,https://www.nsf.gov/policies/pappg/24-1/ch-2-proposal-preparation,medium,2026-07-18,active,,Still listed as a selectable proposal type in the PAPPG (Chapter II.F.2) as “Rapid Response Research (RAPID)”.,https://www.nsf.gov/policies/pappg/24-1/ch-2-proposal-preparation,2026-09-17,2026-07-18,2026-07-18,2026-07-18,2026-07-18,"research_stage=unspecified because RAPID spans urgent data collection across the research spectrum. Status source is PAPPG 24-1; NSF has since issued supplemental policy notices NSF 26-200 and NSF 26-202. The mechanism persists, but the cited PAPPG edition is no longer the whole picture."
Major Research Instrumentation (MRI) Program,National Science Foundation (NSF),federal_research,United States,no_stage_restriction,infrastructure_equipment,equipment,domain_agnostic,"Increases access to shared, multi-user scientific and engineering instrumentation by funding the acquisition or development of research instruments.","Classified infrastructure_equipment. Source URL corrected from a PDF resource link to NSF's own solicitation page. NSF 23-519 remains the active solicitation; tracks, award ceilings, per-institution limits, and cost-sharing waiver confirmed unchanged for FY2026.",infrastructure_resource,"Track 1: >$100,000–<$1,400,000; Track 2: $1,400,000–$4,000,000; Track 3 (helium conservation/recovery): $100,000–$4,000,000",Up to 3 years (acquisition or development),open_any_nationality,,"US institutions of higher education (PhD- and non-PhD-granting), non-profit non-academic research organizations, and consortia. Limited submission: max 4 proposals/institution (≤2 Track 1, ≤1 Track 2, ≤1 Track 3).",none,n/a,FALSE,,institutional_nomination_limited,no,us_institution,Cost-sharing waived for 5 years beginning with the FY2023 competition; voluntary committed cost-sharing prohibited. Limited-submission institutional cap (submission_path=institutional_nomination_limited).,annual,unspecified,"Intellectual Merit and Broader Impacts, plus MRI-specific factors (need for and impact of the instrumentation, and management/operation plan).","Broader Impacts weighs in review, and demonstrated multi-user access/shared use is treated as central to competitiveness (community knowledge).",enumerated,https://www.nsf.gov/funding/opportunities/mri-major-research-instrumentation-program/nsf23-519/solicitation,high,2026-07-18,unknown,,,,,2026-07-18,2026-07-18,2026-07-18,2026-07-18,"Track 3 added to conserve/recover helium; all tracks cap at $4M. NOTE: NSF suspended the FY2026 submission window (Oct 15–Nov 14, 2025) to fund additional awards from the FY2025 cohort; next window anticipated Oct 15–Nov 16, 2026. Program remains standing. SOURCE DEFECT found 2026-09-17: source_url points at NSF 23-519, which NSF marks 'Archived funding opportunity — This solicitation is archived'. The programme itself appears to continue (a 15 October - 16 November 2026 window is listed), but status stays `unknown` until the row is re-pointed at the current solicitation and re-checked. An archived document is not evidence either way."
Mathematical Sciences Postdoctoral Research Fellowships (MSPRF),National Science Foundation (NSF),federal_research,United States,postdoc,fellowship,"salary_stipend, training, research_project",computing_math,Supports future leaders in mathematics and statistics by facilitating participation in postdoctoral research environments that maximize scientific development.,Representative MPS (mathematics) directorate postdoctoral fellowship. Two tenure options (Research Fellowship vs Research Instructorship).,career_training,"$190,000 total (monthly stipend + $50,000 in research/fringe allowances)",24 months of support within a 48-month period (Research Fellowship or Research Instructorship option),citizen_national_pr_required,2,"US citizen, national, or permanent resident; PhD in mathematics or statistics held no longer than 2 years as of Jan 1 of the award year (or conferred before the appointment start).",none,n/a,FALSE,,individual_direct,yes: may not have previously held an MSPRF; may not have been PI/co-PI on any NSF award other than a graduate/other fellowship or conference award; doctorate must be ≤2 years old as of Jan 1 of the award year.,none,"MPS/Division of Mathematical Sciences program. Fellowship awarded to the individual, submitted directly by the proposer to NSF.",annual,unspecified,Intellectual Merit and Broader Impacts.,Broader Impacts is a well-established make-or-break criterion in NSF review (community knowledge).,enumerated,https://www.nsf.gov/funding/opportunities/msprf-mathematical-sciences-postdoctoral-research-fellowships/nsf23-603/solicitation,high,2026-07-18,active,,“Active funding opportunity - This document is the current version” (NSF 23-603). Deadlines recur on the third Wednesday in October annually.,https://www.nsf.gov/funding/opportunities/msprf-mathematical-sciences-postdoctoral-research-fellowships/nsf23-603/solicitation,2026-09-17,2026-07-18,2026-07-18,2026-07-18,2026-07-18,"Current solicitation NSF 23-603 confirmed active on funder page; next deadline the third Wednesday in October (Oct 21, 2026)."
Non-Academic Research Internships for Graduate Students (INTERN) and Graduate Research Internship Program (GRIP) supplements,National Science Foundation (NSF),federal_research,United States,graduate_predoc,training_grant,"training, career_development, salary_stipend",domain_agnostic,Provides graduate students hands-on non-academic (INTERN) or federal-agency (GRIP) research internships for professional development and preparation for multiple career pathways.,Supplemental funding mechanisms (not standalone awards). INTERN and GRIP are collapsed into one row as variants of NSF's graduate-internship supplement; they differ mainly in eligibility (active-award grad students vs GRFP fellows) and host type (non-academic vs federal agency). INTERN is actively promoted by the TIP directorate; GRIP was not surfaced on the current TIP/INTERN page and its DCL appears archived — hence medium confidence.,career_training,"INTERN: up to $55,000 supplement (covers up to 6 months of stipend, travel, tuition/fees, health insurance)",Up to 6 months (INTERN),open_any_nationality,,"INTERN: graduate students supported on an active NSF research award, via a PI supplemental funding request, for a non-academic (industry, startup, government, non-profit) internship. GRIP: current NSF GRFP fellows, for internships at partner federal agencies.",none,n/a,FALSE,,individual_direct,requires an active NSF research award (INTERN) or a current GRFP fellowship (GRIP); otherwise none,us_institution,"INTERN imposes no separate citizenship gate beyond the parent award's rules; GRIP is limited to GRFP fellows (who are US citizens, nationals, or permanent residents). Requested via the PI (INTERN) or arranged by the GRFP fellow (GRIP). INTERN confirmed active on the TIP directorate page (up to $55K, up to 6 months, 250+/year).",rolling,NSF supports 250+ INTERN experiences per year,Reviewed internally by the cognizant NSF program officer as a supplemental funding request; no external panel.,,enumerated,https://www.nsf.gov/tip/intern,medium,2026-07-18,active,,"“Since 2017, the U.S. National Science Foundation INTERN program has provided graduate students with experiential learning opportunities through research internships in non-academic settings.” Multiple INTERN Dear Colleague Letters listed as active funding opportunities.",https://www.nsf.gov/tip/intern,2026-09-17,2026-07-18,2026-07-18,2026-07-18,2026-07-18,"GRIP federal partners historically include Census, DHS, EPA, NOAA, Smithsonian, USGS."
NSF Astronomy and Astrophysics Postdoctoral Fellowships (AAPF),National Science Foundation (NSF),federal_research,United States,postdoc,fellowship,"salary_stipend, training, research_project",physical_sciences,Supports an integrated program of independent research and education in areas supported by the Division of Astronomical Sciences.,Representative MPS (astronomy) directorate postdoctoral fellowship; combines independent research and education. NSF 22-621 confirmed as the current/active solicitation ('this document is the current version').,career_training,"$110,000/yr ($75,000 stipend + $35,000 fellowship allowance)",Up to 36 months (within a 48-month fellowship period),citizen_national_pr_required,5,"US citizen, national, or permanent resident; PhD in astronomy/astrophysics or a related field earned ≤5 years before the deadline (or by 1 Oct after).",none,n/a,FALSE,,individual_direct,"yes: PhD must be earned within 5 years before the deadline (or completed by Oct 1 following it); maximum two AAPF competitions, one proposal per competition.",none,Fellowship awarded to the individual; the Fellow serves as their own sponsored-projects office. MPS/Division of Astronomical Sciences.,annual,~8–9 awards/year (per current solicitation),Intellectual Merit and Broader Impacts.,Broader Impacts is a well-established make-or-break criterion in NSF review (community knowledge).,enumerated,https://www.nsf.gov/funding/opportunities/aapf-nsf-astronomy-astrophysics-postdoctoral-fellowships,high,2026-07-18,active,,"Due dates listed for 2026: “August 15 - October 15, Annually Thereafter”. No supersession or archive notice.",https://www.nsf.gov/funding/opportunities/aapf-nsf-astronomy-astrophysics-postdoctoral-fellowships,2026-09-17,2026-07-18,2026-07-18,2026-07-18,2026-07-18,"Longer post-PhD window (5 yr) than most NSF directorate postdocs. Amount ($110K/yr = $75K + $35K), ~8–9 awards/yr, and 5-year rule reconfirmed against active NSF 22-621."
NSF GOALI - Grant Opportunities for Academic Liaison with Industry,National Science Foundation (NSF),federal_research,United States,"early_career_faculty, midcareer, senior_established",research_grant,"research_project, training",domain_agnostic,"Support high-risk/high-gain, transformative fundamental research through synergistic university-industry partnerships that lie beyond what industry would normally fund.","GOALI is NOT a standalone program but a cross-directorate MECHANISM/designation (BIO, CISE, EDU, ENG, GEO, MPS, SBE, OIA): proposals are submitted to a participating NSF program as a full GOALI proposal or a GOALI supplement. Funder is FEDERAL (NSF) - the 'mixed' element of this industry bucket; the primary NSF academic-industry liaison vehicle. Award size/duration governed by the host program. AUDIT 2026-07-18: the linked nsf.gov page is an ARCHIVED synopsis (former solicitation NSF 10-580) that itself points to the current version (NSF 12-513); GOALI guidance is now maintained in the NSF PAPPG. Mechanism confirmed still standing across the 8 listed directorates; source_url retained on NSF's own domain but flagged archived.",exploratory_highrisk,Varies by host program/directorate; funds a project or supplement within the host program's range (est.),"Varies by host program (commonly up to 3-5 years, aligned to the host solicitation)",host_country_institution_required,,NSF-eligible academic PIs at US institutions with an active industrial partner/collaborator,none,n/a,FALSE,,individual_direct,unspecified,us_institution,"Requires an academic-industry partnership. Mechanism supports faculty, postdocs, and students to gain industrial research experience, industrial scientists to bring industry perspective, and interdisciplinary university-industry teams. Cadence follows the participating host program.",rolling,unspecified,NSF merit review: Intellectual Merit and Broader Impacts (plus appropriateness/strength of the industry partnership).,,enumerated,https://www.nsf.gov/funding/opportunities/goali-grant-opportunities-academic-liaison-industry/13706,medium,2026-07-18,unknown,,,,,2026-07-18,2026-07-18,2026-07-18,2026-07-18,"Federal mechanism enabling industry collaboration; not corporate money, but the standard NSF pathway for industry-partnered academic research. SOURCE DEFECT 2026-09-17: source_url is NSF 10-580, which NSF marks “Status: Archived” with “This document has been archived. See NSF 12-513 for the latest version.” That pointer suggests GOALI continues, but an archived document cannot establish current status, so status stays unknown. Re-point at NSF 12-513 (or its successor) and re-check."
NSF Graduate Research Fellowship Program (GRFP),National Science Foundation (NSF),federal_research,United States,"undergraduate, graduate_predoc",fellowship,"salary_stipend, training",domain_agnostic,"Recognizes and supports outstanding students in NSF-supported STEM and STEM-education fields to help ensure the quality, vitality and diversity of the US science and engineering workforce.","Fellowship awarded to the individual; stipend disbursed via the institution. Standing annual competition; current solicitation NSF 25-547 (updated from the row's prior NSF 24-591). Stipend $37,000 + $16,000 COE confirmed current on funder page.",career_training,"$37,000 annual stipend + $16,000 cost-of-education allowance (to the institution), per year",3 years of support within a 5-year fellowship period,citizen_national_pr_required,,"US citizen, national, or permanent resident; pursuing or intending to pursue a research-based master's/PhD in a GRFP-eligible STEM or STEM-education field; at or near the start of graduate study.",none,n/a,FALSE,,individual_direct,yes: ineligible if already hold a doctoral/graduate degree in a GRFP-eligible field or have completed more than one academic year of graduate study (narrow interruption exceptions apply); may apply only once as a graduate student. Undergraduates/those not yet enrolled may apply.,none,"Excludes clinical/practice-focused and non-STEM fields (e.g., medicine practice, law, business). Fellowship is portable to any accredited US graduate institution.",annual,"~2,000 new fellowships awarded per year (est.); official success rate not published",Intellectual Merit and Broader Impacts (applied to the applicant's demonstrated potential).,Broader Impacts is a genuine make-or-break axis; reviewers heavily weight demonstrated outreach/service and a compelling personal and research trajectory (well-established community knowledge).,enumerated,https://www.nsf.gov/funding/opportunities/grfp-nsf-graduate-research-fellowship-program,high,2026-07-18,active,,"Deadlines 19-23 October 2026 by field; page carries 'Last updated: August 25, 2026'. No archive or suspension notice.",https://www.nsf.gov/funding/opportunities/grfp-nsf-graduate-research-fellowship-program,2026-09-17,2026-09-17,2026-09-17,2026-07-18,2026-07-18,"Active GRFP fellows can access GRIP and INTERN internship supplements (see separate row). NSF announced 2026 GRFP award offers. Award re-verified 2026-09-17: 'For each of the three years of support, NSF provides a $37,000 stipend and a $16,000 Cost of Education allowance provided to the institution' — matches the recorded figures."
NSF Research Grants — core disciplinary programs (standard or continuing grant),National Science Foundation (NSF),federal_research,United States,no_stage_restriction,research_grant,research_project,domain_agnostic,Investigator-initiated fundamental research supported through NSF's core disciplinary programs across all fields it funds.,"Guidance row for NSF's core research-grant instrument (not a single solicitation). A STANDARD grant obligates the full award at the outset; a CONTINUING grant obligates funds in annual increments contingent on availability of funds and satisfactory progress. The two differ only in the funding-obligation schedule—eligibility, purpose, career stage and review criteria are identical—so they are collapsed into one row per the split rule. PAPPG 24-1 (eff. May 20, 2024, with Supplements 1–2) confirmed as the current policy guide.",hypothesis_driven_mature,"Varies widely by program; commonly ~$100,000–$600,000 total (est.); no fixed statutory cap",Typically up to 3 years (up to 5 for some programs),open_any_nationality,,"Open to eligible organizations (US institutions of higher education, non-profit non-academic organizations, and others per PAPPG); no PI citizenship or career-stage restriction for core disciplinary-program proposals.",none,n/a,FALSE,,individual_direct,no,us_institution,Many core programs accept proposals with no deadline (rolling) or on annual target dates set per program.,rolling,Varies by program; NSF overall funding rate is roughly one-quarter of proposals (est.),Intellectual Merit and Broader Impacts.,Broader Impacts is a well-established make-or-break criterion in panel review; a weak or perfunctory Broader Impacts plan sinks otherwise strong proposals (community knowledge).,guidance,https://www.nsf.gov/policies/pappg/24-1/ch-6-nsf-awards,medium,2026-07-18,unknown,,,,,2026-07-18,2026-07-18,2026-07-18,2026-07-18,"Standard vs continuing is an award-instrument choice (PAPPG Ch. VI) made by the program officer, not a separate program or a filterable eligibility difference."
Postdoctoral Research Fellowships in Biology (PRFB),National Science Foundation (NSF),federal_research,United States,postdoc,fellowship,"salary_stipend, training, research_project",life_sciences,Supports research and training of early-career biologists via three competitive areas: Rules of Life; Broadening Participation of Groups Underrepresented in Biology; and Plant Genome.,"identity_gate_type=prioritizes reflects the 'Broadening Participation of Groups Underrepresented in Biology' competitive area, which centers research/activities on underrepresented groups; the fellowship overall is open to all eligible applicants (activity-based soft prioritization, not a hard applicant gate). VERIFIED: this competitive area still exists as Competitive Area 1 in the current NSF 26-504 solicitation, so the prioritization is retained despite NSF's 2025 broadening-participation policy shift.",career_training,"$240,000 total ($80,000/yr: $60,000 stipend + $20,000 research/training allowance)",36 months,citizen_national_pr_required,1,"US citizen, national, or permanent resident; PhD in a biological-sciences field (conferred before the fellowship start); ≤15 full-time months of doctoral-level employment before the deadline.",underrepresented_minorities,prioritizes,FALSE,,individual_direct,yes: ineligible if worked more than 15 full-time months in a position requiring the doctorate before the deadline; limited to two lifetime PRFB submissions (one per fiscal year). Prior NSF research awards are not a bar.,none,"Fellowship awarded to the individual—no institution submits. years_since_degree_max encoded as 1 (rule is ≤15 months of doctoral-level employment, not calendar years since PhD). $240K total, $80K/yr, and 15-month rule reconfirmed against current NSF 26-504.",annual,unspecified,Intellectual Merit and Broader Impacts.,Broader Impacts is a well-established make-or-break criterion in NSF panel review (community knowledge).,enumerated,https://www.nsf.gov/funding/opportunities/prfb-postdoctoral-research-fellowships-biology/nsf26-504/solicitation,high,2026-07-18,active,,"Active funding opportunity - This document is the current version. Full Proposal Deadline: September 29, 2026; September 28, 2027; fourth Tuesday in September annually thereafter.",https://www.nsf.gov/funding/opportunities/prfb-postdoctoral-research-fellowships-biology/nsf26-504/solicitation,2026-09-17,2026-07-18,2026-09-17,2026-09-17,2026-09-17,"Source URL and solicitation updated from archived NSF 23-620 to current NSF 26-504. Solicitation NSF 26-504 replaces NSF 24-593. Identity: no demographic language in the eligibility section as of 2026-09-17 (see P1 F-004, open item)."
Research Experiences for Undergraduates (REU) — Sites,National Science Foundation (NSF),federal_research,United States,undergraduate,training_grant,"training, salary_stipend, research_project",domain_agnostic,Increases undergraduate involvement in NSF-supported research; REU Sites support cohorts of students around a coherent intellectual theme.,"REU Sites are standalone competitive grants to host institutions; distinct from REU Supplements (separate row) in submission path and structure. IDENTITY DOWNGRADED: identity_targeting changed from [underrepresented_minorities]/prioritizes to [none]/n/a — the historical broadening-participation/underrepresented-group emphasis was reframed to 'open to all' following NSF's 2025 priorities shift, and the current funder page no longer preferences underrepresented groups.",career_training,Varies; typically several hundred thousand dollars total over ~3 years to host a cohort (est.); students receive stipends set per Site,Site awards typically 3 years; ~8–10-week summer experiences for students,citizen_national_pr_required,,"Undergraduate participants must be US citizens, nationals, or permanent residents who have not yet received a bachelor's degree at the time of the program; host PIs submit a Site proposal via a US institution.",none,n/a,FALSE,,individual_direct,no,us_institution,"Student citizenship/residency requirement applies to funded participants, not to the host PI. The current REU page frames the goal as attracting 'a diverse pool of talented students' into STEM and involving undergraduates in 'all types' of NSF research; per NSF's April 18, 2025 priorities, activities must be open and available to all Americans and may not preference protected-class groups.",annual,unspecified,Intellectual Merit and Broader Impacts.,"Broader Impacts is a well-established make-or-break criterion; a strong student recruitment, mentoring, and cohort-building plan is central to competitiveness. (Post-2025, NSF frames recruitment as open to all students rather than preferencing underrepresented groups.)",enumerated,https://www.nsf.gov/funding/initiatives/reu/faculty,high,2026-07-18,active,,“Proposals for REU Sites must follow the guidance in the NSF REU program solicitation.” Page last updated 20 July 2026; no suspension notice.,https://www.nsf.gov/funding/initiatives/reu/faculty,2026-09-17,2026-07-18,2026-07-18,2026-07-18,2026-07-18,Individual disciplinary divisions administer Site competitions with their own deadlines.
Research Experiences for Undergraduates (REU) — Supplements,National Science Foundation (NSF),federal_research,United States,undergraduate,training_grant,"training, salary_stipend, research_project",domain_agnostic,Adds undergraduate researchers to ongoing NSF-funded projects to broaden undergraduate involvement in research.,"REU Supplement is added to an existing NSF award; differs from REU Sites in submission path and structure, hence a separate row per the split rule. IDENTITY DOWNGRADED: identity_targeting changed from [underrepresented_minorities]/prioritizes to [none]/n/a following NSF's 2025 'open to all' reframing of broadening-participation.",career_training,Typically supports 1–2 undergraduates (larger cohorts for centers/major efforts); per-student amount set by the program (est.),Tied to the parent award; typically summer research,citizen_national_pr_required,,"Requires an active NSF research award; the PI requests support for typically 1–2 undergraduates (US citizens, nationals, or permanent residents). No fixed deadline—coordinate timing with the cognizant program officer.",none,n/a,FALSE,,individual_direct,no (requires an existing active NSF research award to which the supplement is attached),us_institution,"Student citizenship/residency requirement applies to the funded undergraduate participants. Requested by the PI of an active award, not a standalone proposal.",rolling,unspecified,Reviewed by the cognizant NSF program officer as a supplemental funding request (not an external panel); Intellectual Merit and Broader Impacts still frame the request.,,enumerated,https://www.nsf.gov/funding/initiatives/reu/faculty,high,2026-07-18,active,,“Requests for REU Supplements must follow the guidance in the NSF REU program solicitation. There is no deadline for supplement requests”. Page last updated 20 July 2026.,https://www.nsf.gov/funding/initiatives/reu/faculty,2026-09-17,2026-07-18,2026-07-18,2026-07-18,2026-07-18,No formal deadline; subject to program-officer timing.
SBE Postdoctoral Research Fellowships (SPRF),National Science Foundation (NSF),federal_research,United States,postdoc,fellowship,"salary_stipend, training, research_project",social_sciences,"Promotes fundamental SBE research, researcher independence and advanced training; historically via two tracks: Fundamental Research (SPRF-FR) and Broadening Participation (SPRF-BP).","identity_gate_type=prioritizes reflects the historical SPRF-BP track (research/activities that broaden participation of underrepresented groups); recorded as a soft, activity-based prioritization, not a hard applicant gate. 'disability' dropped from identity_targeting (not present on the current program page). Whether the SPRF-BP track survives republication is uncertain under NSF's April 2025 priorities, which require broadening-participation activities to be open and available to all Americans.",career_training,"~$138,000 total ($54,000/yr stipend + $15,000/yr research allowance), per NSF 18-584/23-500 (to re-verify at republication)",Up to 24 months,citizen_national_pr_required,3,"US citizen, national, or permanent resident; PhD in a social, behavioral or economic sciences field within 36 months before the deadline (or within 10 months after); not in a tenure-track faculty position.",underrepresented_minorities,prioritizes,FALSE,,individual_direct,yes: PhD in an SBE field within 36 months before the deadline (or within 10 months after); applicant must not hold a full-time tenure-track position; may not resubmit the same research to another NSF program.,none,Representative SBE directorate postdoctoral fellowship. VERIFIED CURRENT STATE: program page shows 'Status: Waiting for new publication' with no open due dates (latest solicitation NSF 23-500); amounts/eligibility are from NSF 18-584/23-500 and must be re-verified when republished — hence LOW confidence (downgraded from medium).,annual,unspecified,Intellectual Merit and Broader Impacts.,Broader Impacts is a well-established make-or-break criterion in NSF review (community knowledge).,enumerated,https://www.nsf.gov/funding/opportunities/sprf-sbe-postdoctoral-research-fellowships,low,2026-07-18,paused,,Program 23-500 is currently waiting for a new publication. No upcoming due dates. Status header: Waiting for new publication.,https://www.nsf.gov/funding/opportunities/sprf-sbe-postdoctoral-research-fellowships,2026-09-17,2026-07-18,2026-09-17,2026-09-17,2026-07-18,"Historically two tracks: SPRF-FR and SPRF-BP. Currently between publications with no open due dates. PAUSED as of 2026-09-17: awaiting republication of the solicitation; NSF 23-500 guidelines remain posted. NSF PRFB checked the same day is active, so this is programme-level, not agency-wide."
SBIR / STTR (cross-agency small-business R&D),"SBIR/STTR (multi-agency, SBA-coordinated)",federal_research,United States,no_stage_restriction,research_grant,"commercialization, research_project",domain_agnostic,Provides equity-free federal R&D funding to help US small businesses develop and commercialize innovative technologies; STTR additionally requires partnership with a nonprofit research institution.,"coverage_type=guidance: a cross-agency framework, not one funder's program. Instruments vary — grants at NIH/NSF/DOE/USDA, contracts at DoD/NASA — so mechanism_type=research_grant is a representative label with the grant-vs-contract split noted. Distinct from NIH R41–R44/SBIR and NSF SBIR (covered in those sweeps); this row captures the cross-agency small-business/commercialization framing. Phase I/II guideline caps re-confirmed on sbir.gov (April 2026 figures).",translational_productdev,"Phase I up to ~$323,090; Phase II up to ~$2,153,927 (SBA guideline caps, as of April 2026; higher amounts require SBA waiver)",Phase I ~6–12 months (feasibility); Phase II ~24 months (development); Phase III commercialization (non-SBIR/STTR funds),host_country_institution_required,,for-profit US small business (SBIR: PI primarily employed by the firm; STTR: PI may be at the partner research institution),none,n/a,FALSE,,individual_direct,"n/a (career): eligibility is firm-based, not career-stage-based; firm must meet size/ownership/US-location rules.",small_business,"Eligible: US for-profit small businesses (<500 employees), more than 50% owned/controlled by US individuals (or, since 2011, majority VC/PE/hedge-fund ownership at some agencies). STTR requires a formal partnership with a nonprofit research institution (small business >=40% of work, research institution >=30%). 11 agencies run SBIR; 5 run STTR; coordinated by the SBA.",annual,unspecified,"Agency-specific merit review: technical innovation/feasibility, commercialization potential, and team/firm qualifications; criteria and weighting vary by participating agency.","Commercialization potential/customer-pull is frequently decisive, especially at Phase II; broadly established community knowledge, treat as low-confidence.",guidance,https://www.sbir.gov/about,medium,2026-07-18,unknown,,,,,2026-07-18,2026-07-18,2026-07-18,2026-07-18,Phase caps rise with inflation adjustments; SBA sets the guideline ceilings. Structurally distinct from NIH/NSF single-agency SBIR rows.
Computational Science Graduate Fellowship (CSGF),U.S. Department of Energy — Office of Science,federal_research,United States,graduate_predoc,fellowship,"salary_stipend, training","computing_math, physical_sciences, engineering",Trains a cadre of PhD students who use high-performance computing to solve complex science and engineering problems of national importance.,"Co-funded by DOE Office of Science and the National Nuclear Security Administration (NNSA); administered by the Krell Institute (official program site). Field gate is methodological (HPC/computational science), not a disease/topic gate, so topic_restricted=false.",career_training,"$45,000/year stipend + full tuition and required fees + $1,000/year professional-development allowance",up to 4 years (renewed annually),citizen_national_pr_required,,"senior undergraduates, students entering graduate school, and first-year PhD students; students in their second year of graduate study or beyond are ineligible; full-time doctoral enrollment required",none,n/a,FALSE,,individual_direct,"no explicit prior-award disqualifier, but eligibility is limited to those at/near the start of the PhD — second-year-or-beyond graduate students are ineligible.",us_institution,"Open to US citizens and lawful permanent residents; must be full-time doctoral students using/planning to use high-performance computing. Eligible entrants: senior undergraduates, master's students moving to a different institution for the PhD, employed individuals matriculating into grad school, and first-year PhD students — NOT second-year-or-beyond graduate students, nor concurrent professional-doctorate (MD/PhD, JD/PhD) students. Requires a 12-week minimum practicum at a DOE national laboratory. Stipend ($45,000/yr), full tuition/fees, and $1,000/yr allowance confirmed on the Krell/DOE program page.",annual,unspecified,"Selection on academic record, program-of-study fit with computational science, essays, and letters of reference; administered by the Krell Institute for DOE.",,enumerated,https://www.krellinst.org/csgf/,high,2026-07-18,active,,'Department of Energy Selects 36th Class of Computational Science Graduate Fellows' (17 June 2026). No suspension or termination notice.,https://www.krellinst.org/csgf/,2026-09-17,2026-09-17,2026-07-18,2026-07-18,2026-07-18,"Includes required 12-week practicum at a DOE lab and an annual program review meeting. Audit: stipend/tuition/allowance and the second-year-ineligibility rule re-confirmed on the funder page. Award re-verified 2026-09-17: '$45,000 annual stipend; payment of full tuition and fees', 'Renewable up to four years' — matches."
Early Career Research Program (ECRP),U.S. Department of Energy — Office of Science,federal_research,United States,early_career_faculty,research_grant,"research_project, career_development, salary_stipend","physical_sciences, engineering, computing_math, life_sciences",Supports the research of outstanding scientists early in their careers to help spur the next generation of Office of Science mission research.,Standard research grant to the PI's institution/lab (not a cooperative agreement). Dual award tiers (university vs national lab) reflect indirect-cost/overhead differences; kept as one mechanism row with both amounts noted since eligibility/career stage are identical. Award tiers and 10-yr/untenured eligibility re-confirmed on the FY2025 DOE announcement (energy.gov).,hypothesis_driven_mature,"~$875,000 total over 5 years (~$175,000/yr, university PI); ~$2,750,000 total (~$550,000/yr, DOE national lab / user-facility PI)",5 years,host_country_institution_required,10,within 10 years of PhD; untenured tenure-track assistant/associate professor OR full-time DOE national lab / user-facility staff,none,n/a,FALSE,,individual_direct,yes: prior DOE Early Career Research Program awardees are ineligible; must be within 10 years of doctorate and untenured (or eligible DOE-lab staff).,us_institution,"US academic institution (untenured tenure-track asst/assoc professor) or DOE National Laboratory/Office of Science User Facility full-time employee; apply to one of eight SC program offices (ASCR, BER, BES, FES, HEP, NP, Isotope R&D, and Accelerator R&D & Production/ARDAP).",annual,highly competitive (est.),DOE Office of Science merit review (10 CFR 605): scientific/technical merit; appropriateness of approach; competency of personnel and adequacy of resources; reasonableness of budget; plus program policy factors (mission relevance). Mandatory pre-application then full application.,,enumerated,https://science.osti.gov/early-career,high,2026-07-18,active,,"“Pre-applications are mandatory and are due on March 24, 2026, at 5:00 p.m. ET.” No suspension notice.",https://science.osti.gov/early-career,2026-09-17,2026-07-18,2026-07-18,2026-07-18,2026-07-18,Audit: corrected 'seven' to eight participating SC program offices (added Accelerator R&D & Production/ARDAP) per the FY2025 announcement. Recent rounds support 80+ early-career researchers. Pre-application is mandatory and gates the full application. (FY2026 dollar total not verified this pass.)
Energy Frontier Research Centers (EFRC),U.S. Department of Energy — Office of Science,federal_research,United States,no_stage_restriction,research_grant,research_project,"physical_sciences, engineering",Brings together multidisciplinary teams to tackle the toughest scientific challenges preventing advances in energy technologies; funded by Basic Energy Sciences (BES).,"Center-scale coordinated research (research_stage=coordinated_network). Funded as financial-assistance awards to a lead institution that coordinates a multi-institution team — not an agency-steered cooperative agreement. Per-center annual amount marked est. (only the aggregate class figure is published) — this estimate is why confidence stays medium despite the mechanism being funder-page-confirmed. Many universities treat EFRC as an internally limited submission, but DOE imposes no per-institution cap, so submission_path stays individual_direct.",coordinated_network,~$2–4 million per year per center (est.); FY2024 (7th class) announcement was $352M across new centers,4 years,host_country_institution_required,,multi-institution teams led by a US institution or DOE national laboratory; no PI career-stage restriction,none,n/a,TRUE,"fundamental energy science (BES priority areas: energy storage, catalysis/separations, quantum materials/QIS, solar, hydrogen, microelectronics, nuclear/subsurface science)",individual_direct,no career-based exclusion; existing centers may recompete.,us_institution,"Multi-institutional team of researchers led by a lead institution (universities, national labs, nonprofits, or industry). Biennial, 4-year awards; 44 active centers confirmed on the BES page.",biennial,unspecified,DOE Office of Science merit review: scientific/technical merit and transformative potential; quality/coordination of the multidisciplinary team; appropriateness of resources and management plan; and relevance to BES energy-science mission.,,enumerated,https://science.osti.gov/bes/efrc,medium,2026-07-18,active,,10 new centres joined 34 continuing ones to give “44 active Energy Frontier Research Centers”; the 2024 opportunity was the 7th class. No suspension notice.,https://science.osti.gov/bes/efrc,2026-09-17,2026-07-18,2026-07-18,2026-07-18,2026-07-18,"Biennial competitions since 2014; 44 active centers as of the 2024 (7th) class; 107 centers since 2009 inception. Cadence, duration, center count, and $352M 2024 total re-confirmed on the BES EFRC page."
Office of Science Graduate Student Research (SCGSR) Program,U.S. Department of Energy — Office of Science,federal_research,United States,graduate_predoc,fellowship,"research_project, training, travel","physical_sciences, life_sciences, computing_math, engineering",Prepares graduate students for STEM careers by supporting thesis research at a DOE national laboratory in collaboration with a DOE laboratory scientist.,"Not a full stipend — a supplemental award covering incremental costs of a 3–12 month research appointment at a DOE lab. Classified as fellowship (individual graduate research award). Two solicitation cycles per year. Program confirmed current (2026); the $3,600/mo supplement is the established published SCGSR cap (not itemized on the current landing page).",career_training,"living-stipend supplement up to $3,600/month + up to $3,000 travel reimbursement per award",3–12 consecutive months (research appointment at a DOE lab),citizen_national_pr_required,,current PhD candidate (advanced to/near candidacy) at a US institution,none,n/a,FALSE,,individual_direct,no explicit prior-award disqualifier stated; must be an enrolled PhD candidate with proof of candidacy at time of appointment.,us_institution,US citizens or lawful permanent residents who are PhD candidates; must propose thesis research aligned to SC priority research areas and conducted with a DOE national-lab collaborator. Duration (3–12 months) and citizenship confirmed on the funder page.,annual,unspecified,DOE Office of Science merit review: quality of the proposed thesis research and its alignment with SC priority research areas; benefit of the DOE-lab collaboration; and applicant qualifications.,,enumerated,https://science.osti.gov/wdts/scgsr,high,2026-07-18,active,,"“Applications are due November 4, 2026, at 5:00PM ET.” No suspension notice.",https://science.osti.gov/wdts/scgsr,2026-09-17,2026-07-18,2026-07-18,2026-07-18,2026-07-18,Two solicitation cycles per year. Supports priority research areas across six SC program offices plus Isotope R&D.
SBIR/STTR - Small Business Innovation Research / Small Business Technology Transfer (academic industry-partner path),"U.S. federal agencies (SBIR/STTR, SBA-coordinated)",federal_research,United States,no_stage_restriction,research_grant,"research_project, commercialization",domain_agnostic,Fund small-business-led R&D with commercialization potential; STTR mandates a small business-research institution partnership.,"Included in the industry bucket as the academic-to-industry PARTNER PATH: faculty engage as the research-institution partner (STTR, >=30% of work) or subcontractor (SBIR). The direct applicant/awardee is a for-profit small business; funder is FEDERAL (SBA-coordinated across 11 agencies) - the 'mixed' element. Commercialization mechanism (maps to NIH R41-R44). Structured as a grant or a contract depending on agency. AUDIT 2026-07-18: sbir.gov confirms STTR work-split and SBC ownership/size rules.",translational_productdev,"Phase I typically up to ~$314k; Phase II up to ~$2.1M (SBA guideline amounts, adjusted annually) (est.)",Phase I ~6-12 months; Phase II ~2 years,citizen_national_pr_required,,Applicant is a US small business concern (>50% US-owned); the academic participates as a research-institution partner/subawardee,none,n/a,FALSE,,other,unspecified,small_business,"Applicant = for-profit small business concern (<=500 employees, >50% owned/controlled by US citizens or permanent residents). STTR REQUIRES a nonprofit research institution partner performing >=30% of work (small business >=40%); SBIR permits university subcontracting (small business must perform >=2/3 of Phase I, >=1/2 of Phase II). SBIR PI must be primarily employed by the small business; STTR allows the PI to sit at the research institution. Confirmed on sbir.gov (STTR RI>=30%/SBC>=40%; SBC <=500 employees, >50% US-owned; SBIR PI primary employment at the SBC). Solicitation cycles vary by agency.",irregular,unspecified,"Agency-specific merit review (scientific/technical merit, qualifications, commercial potential); e.g., NIH uses its scored criteria, NSF uses Intellectual Merit + Broader Impacts.",,enumerated,https://www.sbir.gov/faq/eligibility-requirements,high,2026-07-18,active,,"“Applications for SBIR/STTR awards are submitted in response to agency solicitations.” No lapse, sunset or reauthorisation notice on the programme's own site.",https://www.sbir.gov/faq/eligibility-requirements,2026-09-17,2026-07-18,2026-07-18,2026-07-18,2026-07-18,"STTR structurally mandates university partnership; SBIR allows it. Phased: Phase I feasibility, Phase II development, Phase III commercialization (non-SBIR funds)."
AFRI Education & Workforce Development — Postdoctoral Fellowships (A7201),USDA National Institute of Food and Agriculture (NIFA),federal_research,United States,postdoc,fellowship,"salary_stipend, training, career_development, research_project","life_sciences, social_sciences",Develops the research independence and professional competencies of postdoctoral scholars in food and agricultural sciences.,"Fellow serves as their own Project Director. Split from predoc row on career stage, degree window, award cap, and duration (all filterable). years_since_degree_max~4 is an approximation of the sliding degree-date window (varies by cycle). Program/code A7201 confirmed current; cap and exact window live in the NOFO (not on the overview page).",career_training,"up to ~$165,000 total incl. institutional allowance (per recent NOFO; reconfirm against live NOFO)",up to 2 years,citizen_national_pr_required,4,doctorate conferred within the cycle's eligibility window (roughly within ~4 years of the deadline); postdoctoral scholar at award,none,n/a,TRUE,food and agricultural sciences,individual_direct,window-based: doctorate must fall within the cycle's degree-date window (approx. within ~4 years of the deadline); intended for individuals in the postdoctoral period.,us_institution,"The postdoctoral scholar is the Project Director (PD). Must be a citizen, national, or permanent resident of the United States; must satisfy all doctoral requirements within the cycle-specified window and commit to 100% effort.",annual,unspecified,NIFA peer review: scientific merit and approach; the fellow's qualifications and independence-building career plan; mentoring/evaluation plan; and relevance to program priorities.,,enumerated,https://www.nifa.usda.gov/grants/programs/afri-education-workforce-development,medium,2026-07-18,active,,“New in 2026: Education and Workforce Development Workshop Grants”; a current AFRI EWD NOFO is referenced. Page last updated 22 January 2026.,https://www.nifa.usda.gov/grants/programs/afri-education-workforce-development,2026-09-17,2026-07-18,2026-07-18,2026-07-18,2026-07-18,Program code A7201. Audit: downgraded high->medium (postdoc cap/degree-window not verifiable on the funder overview page this pass).
AFRI Education & Workforce Development — Predoctoral Fellowships (A7101),USDA National Institute of Food and Agriculture (NIFA),federal_research,United States,graduate_predoc,fellowship,"salary_stipend, training, career_development, research_project","life_sciences, social_sciences","Develops the technical and academic competence of doctoral candidates in food and agricultural sciences, preparing the next generation of research, education, and extension professionals.","Fellow serves as their own Project Director. Program and code A7101 confirmed current on the NIFA EWD page (updated Jan 2026); the ~$180K/3yr cap is from a NIFA EWD FAQ and lives in each cycle's NOFO (not on the overview page), so confidence set to medium pending live-NOFO reconfirmation.",career_training,"up to ~$180,000 total incl. institutional allowance (per recent NOFO; reconfirm against live NOFO)",up to 3 years,citizen_national_pr_required,,must have advanced to PhD candidacy (per institutional requirements) by the application deadline,none,n/a,TRUE,food and agricultural sciences,individual_direct,applicant must have advanced to PhD candidacy by the deadline; one active AFRI predoctoral fellowship per fellow.,us_institution,"The predoctoral student is the Project Director (PD) on the grant. Must be a citizen, national, or permanent resident of the United States. Commit to 100% effort on award.",annual,unspecified,NIFA peer review: scientific merit and rationale/approach; the fellow's qualifications and training/career-development plan; mentoring and evaluation plan; and relevance to program priorities.,,enumerated,https://www.nifa.usda.gov/grants/programs/afri-education-workforce-development,medium,2026-07-18,active,,“New in 2026: Education and Workforce Development Workshop Grants”; a current AFRI EWD NOFO is referenced. Page last updated 22 January 2026.,https://www.nifa.usda.gov/grants/programs/afri-education-workforce-development,2026-09-17,2026-07-18,2026-07-18,2026-07-18,2026-07-18,"Under AFRI Education & Workforce Development, 'Advancing Science' goal, program code A7101. Audit: downgraded high->medium (dollar cap not verifiable on the funder overview page this pass)."
AFRI Foundational and Applied Science Program,USDA National Institute of Food and Agriculture (NIFA),federal_research,United States,no_stage_restriction,research_grant,"research_project, training, community","life_sciences, social_sciences, engineering",Builds a foundation of fundamental and applied knowledge in the food and agricultural sciences critical for solving current and future societal challenges.,NIFA (USDA) is a mission-topical funder (agriculture); classified here under federal_research per this sweep's assigned scope. FASE mechanism embeds new-investigator and strengthening set-asides within this program.,hypothesis_driven_mature,"varies widely by program area (est. ~$150,000–$1,000,000+ total; larger for coordinated/CAP grants)",typically up to 3–5 years,host_country_institution_required,,no career-stage restriction; open to eligible institutions/organizations,none,n/a,TRUE,food and agricultural sciences (6 priority areas: plant health/production; animal health/production; food safety/nutrition/health; bioenergy/natural resources/environment; agriculture systems & technology; agricultural economics & rural communities),individual_direct,"no (program level); FASE new-investigator grant type has its own early-career eligibility, but the Foundational program overall has none.",us_institution,"Broad institutional eligibility (universities, research foundations, etc.). Supports research-only, extension-only, education-only, and integrated projects as standard, workshop/conference, and FASE (Food and Agricultural Science Enhancement, incl. new-investigator and strengthening) grants.",annual,unspecified,NIFA peer-panel review: scientific merit (rationale/approach); qualifications of project personnel; project management/feasibility; and relevance to the targeted program-area priority.,,enumerated,https://www.nifa.usda.gov/grants/programs/afri-foundational-applied-science-program,medium,2026-07-18,active,,Current NOFO and technical-assistance webinars listed; page last updated 9 April 2026. No suspension notice.,https://www.nifa.usda.gov/grants/programs/afri-foundational-applied-science-program,2026-09-17,2026-07-18,2026-07-18,2026-07-18,2026-07-18,Award sizes/durations vary substantially by the specific program-area RFA; concrete figures live in each cycle's NOFO.
Young Investigator Research Program (YIP),Air Force Office of Scientific Research (AFOSR),defense_security,United States,early_career_faculty,research_grant,"research_project, career_development","physical_sciences, engineering, computing_math, life_sciences","Foster creative basic research in science and engineering, support the early-career development of promising investigators, and connect them with Air Force and Space Force scientific challenges.","Administered by AFOSR within the Air Force Research Laboratory. Terms ($150K/yr x 3 = $450K; PhD within 7 years; US citizen/national/PR) re-verified 2026-07 from the AFOSR YIP FOA, but the linked PDF is the October 2023 (FY24-cycle) announcement -- a dated funder snapshot rather than a current-cycle page (it anchors the 7-year window to 'no earlier than April 1, 2017'). Confidence downgraded high->medium on source currency; standing terms are stable but the current-cycle FOA should be confirmed.",hypothesis_driven_mature,"Up to $150,000 per year for 3 years ($450,000 total); exceptional cases higher.",3 years.,citizen_national_pr_required,7,Ph.D. or equivalent degree received within the last seven years.,none,n/a,FALSE,,individual_direct,No prior-funding dollar cap. Eligibility is gated by degree recency: PhD or equivalent received within the last 7 years; no disqualification based on prior award history.,us_institution,"Applicant must be a US citizen, US national, or permanent resident. Exceptional proposals may receive higher funding levels and/or longer duration.",annual,Highly competitive; rate unspecified.,Per the AFOSR YIP FOA: scientific/technical merit and potential to foster creative basic research relevant to Air Force/Space Force interests.,,enumerated,https://afresearchlab.com/wp-content/uploads/2023/11/YIP-FINAL.pdf,medium,2026-07-18,active,,"Air Force Fiscal Year 2027 Young Investigator Program is posted on the federal grants portal: white papers due 9 October 2026, full proposals due 4 December 2026, awards anticipated by 1 May 2027.",https://simpler.grants.gov/opportunity/c342c01d-4f34-440f-8bb2-4bdd4d763df0,2026-09-17,2026-07-18,2026-07-18,2026-07-18,2026-07-18,"SOURCE DEFECT 2026-09-17: the row's source_url is a 2023 PDF on afresearchlab.com. Status was instead established from the live FY2027 opportunity on the federal grants portal; re-point source_url there. FY2026 terms quoted on the portal: up to $150,000 per year for three years ($450,000 total)."
Early Career Program (ECP) Award (formerly Young Investigator Program),Army Research Office (ARO),defense_security,United States,early_career_faculty,research_grant,"research_project, career_development","physical_sciences, engineering, computing_math, life_sciences",Attract outstanding early-career university faculty to pursue fundamental research in areas relevant to the Army; one of ARO's most prestigious early-career honors.,The current DEVCOM ARL/ARO Broad Agency Announcement lists the early-career mechanism as the Early Career Program (ECP); it is the successor to what was historically called the ARO Young Investigator Program (YIP). ECP presence on the ARL/ARO BAA (W911NF-23-S-0001) re-verified live 2026-07; amount/eligibility are set in the BAA document (the landing page confirms the mechanism but defers dollar figures to the BAA PDF).,hypothesis_driven_mature,"Up to $120,000 per year for 3 years (up to $360,000).",3 years.,citizen_national_pr_required,,Held a tenure-track position at a US institution of higher education for fewer than five years at the time of application.,none,n/a,FALSE,,individual_direct,"No prior-funding dollar cap. Eligibility is gated by time in a tenure-track appointment (fewer than 5 years at a US institution at the time of application), not by prior award history.",us_institution,"Open to US citizens, US nationals, or Lawful Permanent Residents. Eligibility keyed to time in tenure-track (<5 years), not years-since-degree.",annual,Highly competitive; rate unspecified.,Per the DEVCOM ARL/ARO BAA: scientific/technical merit and potential relevance to Army fundamental-research interests.,,enumerated,https://arl.devcom.army.mil/collaborate-with-us/opportunity/arl-baa/,high,2026-07-18,active,,"ARL Broad Agency Announcement W911NF-23-S-0001, “DEVCOM Army Research Laboratory Broad Agency Announcement for Foundational Research”, amended 8 January 2025, lists this award type as available. No suspension notice.",https://arl.devcom.army.mil/collaborate-with-us/opportunity/arl-baa/,2026-09-17,2026-07-18,2026-07-18,2026-07-18,2026-07-18,Mapped from the task's 'ARO Young Investigator Program' to the current ECP name.
Single Investigator (SI) Research Grants (ARO core program),Army Research Office (ARO),defense_security,United States,no_stage_restriction,research_grant,research_project,"physical_sciences, engineering, computing_math, life_sciences",Fund extramural basic research by single investigators and small teams that fuels scientific discovery in areas relevant to the Army; ARO's most common award type.,"ARO is the extramural basic-research arm of DEVCOM Army Research Laboratory. Core mechanism under the standing ARL BAA (W911NF-23-S-0001, re-verified live 2026-07); white papers accepted on a rolling basis. Dollar level marked estimate (not stated on the BAA landing page).",hypothesis_driven_mature,"Standard 3-year budget supporting a PI plus one or two graduate students or a postdoc (incl. F&A); specific dollar level unspecified (commonly ~$120k-$180k/yr, est.).",3 years (standard); other durations possible.,open_any_nationality,,No career-stage restriction; proposals submitted through the PI's institution (predominantly US academic institutions).,none,n/a,FALSE,,individual_direct,no,none,"No explicit PI citizenship requirement stated for SI awards (contrasts with the ECP, which requires US citizen/national/LPR). Open to universities, non-profits and industry.",rolling,Competitive; rate unspecified.,Per the DEVCOM ARL/ARO BAA: scientific/technical merit and potential relevance to Army research interests; white paper then full proposal.,,enumerated,https://arl.devcom.army.mil/collaborate-with-us/opportunity/arl-baa/,high,2026-07-18,active,,"ARL Broad Agency Announcement W911NF-23-S-0001, “DEVCOM Army Research Laboratory Broad Agency Announcement for Foundational Research”, amended 8 January 2025, lists this award type as available. No suspension notice.",https://arl.devcom.army.mil/collaborate-with-us/opportunity/arl-baa/,2026-09-17,2026-07-18,2026-07-18,2026-07-18,2026-07-18,
Breast Cancer Research Program (BCRP),Congressionally Directed Medical Research Programs (CDMRP),defense_security,United States,no_stage_restriction,research_grant,research_project,"biomedical_health, life_sciences","Congressionally directed DoD program funding innovative, high-impact breast cancer research toward ending breast cancer.","Administered by CDMRP (DoD; USAMRAA / Defense Health Agency structure). Award mechanisms change annually; FY26 (re-verified live 2026-07) includes Breakthrough Award Levels 3-4, Era of Hope Scholar, and Transformative Breast Cancer Consortium (Award and Development) awards. No citizenship requirement confirmed on the funder page.",hypothesis_driven_mature,"Mechanism-dependent, from hundreds of thousands to several million dollars (e.g., Era of Hope Scholar; Breakthrough Award Levels 1-4).",Varies by mechanism (commonly 2-5 years).,open_any_nationality,,"Program-level: multiple award mechanisms spanning career stages (e.g., Era of Hope Scholar targets early-career independent investigators; Breakthrough Awards span levels).",none,n/a,TRUE,Breast cancer.,individual_direct,varies by mechanism,none,"No US citizenship requirement (PIs eligible regardless of nationality/citizenship); US and foreign, for-profit and non-profit organizations eligible. Some mechanisms are invitation- or LOI-gated.",annual,Competitive; rate unspecified.,"Two-tier CDMRP review: scientific peer review (scientific merit, innovation, impact/feasibility) followed by programmatic review for portfolio fit and mission relevance.",,enumerated,https://cdmrp.health.mil/funding/bcrp,high,2026-07-18,active,,"“Release Date September 3, 2026”, with submission deadlines in September and November 2026 across several award mechanisms.",https://cdmrp.health.mil/funding/bcrp,2026-09-17,2026-07-18,2026-07-18,2026-07-18,2026-07-18,
CDMRP Early Investigator Research Award & Career Development Award (career-stage mechanisms),Congressionally Directed Medical Research Programs (CDMRP),defense_security,United States,"postdoc, transition, early_career_faculty, physician_scientist",career_development_award,"career_development, research_project, training","biomedical_health, life_sciences","Support early-career investigators (and clinician-scientists) transitioning toward research independence within CDMRP's congressionally directed disease programs, with structured mentorship.","Combined row representing the career-stage mechanism family that recurs across CDMRP disease programs. Anchored on the FY26 PCRP Early Investigator Research Award program announcement (funder PA HT942526PCRPEIRA, re-verified live 2026-07: $630K total / 3 years, <=3 yrs postdoc research experience, mentor required, no citizenship restriction, no prior-federal-funding dollar exclusion). The analogous 'Career Development Award' appears in other CDMRP programs and is corroborated at program level, hence medium confidence for the combined row.",career_training,"PCRP FY26 Early Investigator Research Award: up to $630,000 total costs / 3 years. Career Development Awards in other CDMRP programs vary.",Up to 3 years.,open_any_nationality,3,"Early Investigator Research Award (PCRP FY26 exemplar): doctoral degree with three years or less of postdoctoral research experience as of the submission deadline, mentor required. Career Development Awards (other CDMRP programs): early-career independent/transition faculty or clinician-scientists (varies by program).",none,n/a,TRUE,"Disease/topic is set by the parent CDMRP program (e.g., prostate cancer for the PCRP Early Investigator Research Award).",individual_direct,No prior-federal-funding dollar exclusion. The Early Investigator Research Award gate is <=3 years of postdoctoral research experience at the application deadline; carve-out: clinical residency/fellowship not primarily research-focused does not count toward that 3-year threshold. Program rules additionally bar duplicate submission of essentially the same project within the program/fiscal year and naming a PI on more than one EIRA application per cycle (only the first is accepted). Verified from the FY26 PCRP EIRA program announcement (HT942526PCRPEIRA). Analogous Career Development Awards in other CDMRP programs set their own transition/independence gates.,none,"No US citizenship requirement (eligible regardless of ethnicity, nationality or citizenship status, confirmed on the FY26 PCRP EIRA PA). Early Investigator Research Award requires at least one qualified mentor with relevant research and mentoring track record; a clinical residency or clinical fellowship that is not primarily research-focused does NOT count toward the 3-year postdoctoral threshold. Mentored/transition-oriented.",annual,Competitive; rate unspecified.,Two-tier CDMRP review: scientific peer review (including quality of the training/mentoring plan and candidate potential) then programmatic review.,,enumerated,https://cdmrp.health.mil/funding/pa/HT942526PCRPEIRA_GG.pdf,medium,2026-07-18,active,,"“CDMRP Announces $1.27 Billion, 34 Research Programs for Fiscal Year 2026”. The parent programmes are funded for FY26; individual Early Investigator and Career Development announcements are issued per programme per cycle.",https://cdmrp.health.mil/funding/,2026-09-17,2026-07-18,2026-07-18,2026-07-18,2026-07-18,"Represents CDMRP's Early Investigator / Career Development career-stage award types. prior_funding_exclusion rewritten from a bare descriptor to the actual FY26 PCRP EIRA PA terms. Status verified at CDMRP level 2026-09-17: the specific EIRA/CDA announcements are cycle-dependent and were not all open on this date, which is a cadence fact rather than a status one."
Peer Reviewed Medical Research Program (PRMRP),Congressionally Directed Medical Research Programs (CDMRP),defense_security,United States,no_stage_restriction,research_grant,research_project,"biomedical_health, life_sciences","Congressionally directed DoD program funding research across a defined list of congressionally designated medical Topic Areas relevant to service members, veterans, and the public.","CDMRP program whose scope is set annually by Congress via a list of Topic Areas; applicants must map to a listed condition. Funder page re-verified live 2026-07 (FY26 mechanisms include Clinical Trial, Platform Clinical Translation, Impact, Lifestyle and Applied Health Research, Technology/Therapeutic Development, plus Research Advancement and Discovery). Specific example conditions marked illustrative because the designated list changes each fiscal year.",hypothesis_driven_mature,"Varies by mechanism (Discovery, Investigator-Initiated/Impact, Clinical Trial, Technology/Therapeutic Development, etc.).",Varies by mechanism.,open_any_nationality,,"Program-level: mechanisms span Discovery through Clinical Trial; investigators at all career levels eligible (e.g., Discovery Award has no career-stage restriction).",none,n/a,TRUE,"Congressionally designated PRMRP Topic Areas -- a list of eligible medical conditions set annually by Congress (illustrative past examples include PTSD, tuberculosis, endometriosis, sleep disorders and interstitial cystitis); applicants must map to a currently listed Topic Area for the fiscal year.",individual_direct,varies by mechanism,none,"No US citizenship requirement (PIs eligible regardless of nationality); US and foreign, for-profit/non-profit organizations eligible. Research must address a congressionally designated PRMRP Topic Area.",annual,Competitive; rate unspecified.,Two-tier CDMRP review: scientific peer review then programmatic review; applications must address a designated Topic Area.,,enumerated,https://cdmrp.health.mil/funding/prmrp,high,2026-07-18,active,,"“Release Date May 8, 2026” and application deadline “September 22, 2026 11:59 p.m. Eastern Time”.",https://cdmrp.health.mil/funding/prmrp,2026-09-17,2026-07-18,2026-07-18,2026-07-18,2026-07-18,
Prostate Cancer Research Program (PCRP),Congressionally Directed Medical Research Programs (CDMRP),defense_security,United States,no_stage_restriction,research_grant,research_project,"biomedical_health, life_sciences",Congressionally directed DoD program funding impactful prostate cancer research spanning discovery through translation and clinical application.,"CDMRP disease program (DoD). FY26 offers four award mechanisms (Data Science, Early Investigator Research, Idea Development, Physician Research), re-verified live 2026-07 on the funder page.",hypothesis_driven_mature,"Varies by mechanism (e.g., Early Investigator Research Award up to $630k/3yr; Idea Development, Data Science, Physician Research Awards differ).",Varies by mechanism (commonly up to 3 years).,open_any_nationality,,"Program-level: FY26 mechanisms are Data Science, Early Investigator Research, Idea Development, and Physician Research Awards, spanning early-career to established investigators.",none,n/a,TRUE,Prostate cancer.,individual_direct,varies by mechanism,none,No US citizenship requirement (open regardless of nationality). LOI/pre-application required. See separate CDMRP career-stage row for the Early Investigator Research Award specifics.,annual,Competitive; rate unspecified.,"Two-tier CDMRP review: scientific peer review (merit, innovation, impact/feasibility) then programmatic review for portfolio fit.",,enumerated,https://cdmrp.health.mil/funding/pcrp,high,2026-07-18,active,,"“The application submission deadline for FY26 has passed”; PCRP remains listed as a CDMRP research programme, with no suspension or defunding notice. Between cycles, not wound down.",https://cdmrp.health.mil/funding/pcrp,2026-09-17,2026-07-18,2026-07-18,2026-07-18,2026-07-18,
DARPA Broad Agency Announcement (BAA) research programs,Defense Advanced Research Projects Agency (DARPA),defense_security,United States,no_stage_restriction,contract,research_project,domain_agnostic,"Fund revolutionary, high-risk/high-payoff research and technology to create or prevent strategic surprise for US national security; programs are milestone-driven with a transition focus.","Guidance row (not a single standing individual-PI mechanism). Most DARPA funding flows through program-specific BAAs awarding procurement contracts, cooperative agreements, grants, or Other Transaction agreements; awards are milestone/phase-structured and managed by rotating program managers. The standing academic YFA program is captured in separate rows. Source PDF (DARPA Guide to Broad Agency Announcements and Research Announcements) re-verified live 2026-07 as DARPA-authored guidance.",exploratory_highrisk,Varies widely by program and phase (from ~$1M to tens of millions).,Program-specific; typically multi-year with phases/options and go/no-go milestones.,other,,"Open to universities, industry, non-profits and (per BAA) FFRDCs/government labs; eligibility and any citizenship/export-control constraints vary by individual BAA.",none,n/a,TRUE,Program-specific technical challenges announced per BAA.,individual_direct,unspecified,none,Performer eligibility is set per program BAA; many awards involve export-controlled or US-performer constraints.,irregular,Program-dependent; unspecified.,"Set per BAA; typically overall scientific/technical merit, potential contribution/relevance to the DARPA mission, and cost realism.",,guidance,https://www.darpa.mil/sites/default/files/attachment/2024-12/darpa-guide-broad-agency-announcements-research-announcements.pdf,high,2026-07-18,unknown,,,,,2026-07-18,2026-07-18,2026-07-18,2026-07-18,Captured to represent that the bulk of DARPA funding is BAA-driven contracts/agreements rather than open standing grant programs.
YFA Director's Fellowship,Defense Advanced Research Projects Agency (DARPA),defense_security,United States,early_career_faculty,research_grant,"research_project, career_development","engineering, physical_sciences, computing_math, life_sciences","Provide a third year of funding to top-performing Young Faculty Award recipients so they can build on the success of their initial work, further develop their research, and continue their collaboration with DARPA.","Not an independent solicitation; a competitive extension option within the standing YFA program. Split from the YFA row because eligibility (must be a selected YFA performer), amount, duration and purpose differ. Specifics (7 of the 2024 YFA class; up to $500K; a third/12-month year) re-verified 2026-07 on the DARPA '20 years of Young Faculty Awards' news page.",exploratory_highrisk,"Up to $500,000.",12 months (third year extending the YFA).,host_country_institution_required,,Current YFA awardees competitively selected for exceptional performance on their initial project objectives (7 performers selected from the 2024 YFA class).,none,n/a,TRUE,Continuation of the awardee's original YFA research.,by_invitation,n/a: requires an active/prior YFA award (this is a follow-on extension).,us_institution,Restricted to existing YFA performers; not an independently applied-for award. Same US-institution and nationality conditions as the base YFA.,annual,Very selective (only a subset of each YFA class is chosen).,Selection based on demonstrated exceptional performance against the initial YFA objectives and potential to build on that work with DARPA.,,enumerated,https://www.darpa.mil/news/2026/darpa-celebrates-20-years-young-faculty-awards,high,2026-07-18,active,,"“DARPA has selected seven performers from the 2024 YFA class to receive the YFA Director's Fellowship” (DARPA, 2026). No discontinuation notice.",https://www.darpa.mil/news/2026/darpa-celebrates-20-years-young-faculty-awards,2026-09-17,2026-07-18,2026-07-18,2026-07-18,2026-07-18,"DARPA selected 7 of the 2024 YFA class for the Director's Fellowship, celebrating 20 years of YFA."
Young Faculty Award (YFA),Defense Advanced Research Projects Agency (DARPA),defense_security,United States,early_career_faculty,research_grant,"research_project, career_development","engineering, physical_sciences, computing_math, life_sciences","Identify and engage rising research stars in junior faculty positions at US academic and non-profit institutions, expose them to national security needs and DARPA's program-development process, and develop the next generation of researchers focused on national security.",Awards made as grants/cooperative agreements to universities and non-profits. Eligibility is rank-based rather than strictly years-since-degree; the non-profit path uses a 12-year-since-doctorate cap. Source URL re-verified live 2026-07 as the current YFA page (the newer /research/programs/young-faculty-award path 404s); award dollars and prior-funding caps are set by the annual RA rather than the overview page.,exploratory_highrisk,"Up to $500,000 base (24 mo); up to $1,350,000 total including the Director's Fellowship option (+$500k/12 mo) and a US-person graduate-student option (+$350k).",24 months base (up to 36 months with Director's Fellowship).,host_country_institution_required,,"Tenure-track assistant/associate professors (any duration), tenured faculty within 3 years of tenure, or non-profit equivalent continuing appointments within 12 years of doctorate.",none,n/a,TRUE,Annually announced technical research topics spanning DARPA technical offices (national-security relevant).,individual_direct,Per the YFA objective the program targets rising junior faculty without prior DARPA funding; the annual Research Announcement (FY26 cycle: DARPARA2502) sets the specific caps on allowable prior funding (historically on the order of ~$500K received from DARPA and ~$1.25M cumulative across all DoD sources as PI). Exact thresholds are RA-specific and should be confirmed against the current announcement rather than treated as fixed.,us_institution,"Must be employed at a US institution (federal labs, UARCs, and government entities are ineligible). US citizens, US permanent residents and foreign nationals may participate; nationals of China, Cuba, Russia, Iran, Venezuela and North Korea are restricted unless dual US citizens/PRs or actively seeking PR.",annual,Highly competitive; selectivity rate unspecified.,Evaluated per the YFA research announcement: overall scientific/technical merit; potential contribution to DARPA's mission and national security; and cost realism.,,enumerated,https://www.darpa.mil/work-with-us/for-universities/young-faculty-award,high,2026-07-18,active,,"“The research announcement seeking YFA applications for 2027 will be available on the grants.gov, and sam.gov websites in early fall 2026”.",https://www.darpa.mil/news/2026/darpa-celebrates-20-years-young-faculty-awards,2026-09-17,2026-07-18,2026-07-18,2026-07-18,2026-07-18,The Director's Fellowship (captured as a separate row) is a competitive follow-on option within the YFA program; a 2026 enhancement adds an option to fund a US-person graduate student (up to $350k).
Fundamental Research to Counter Weapons of Mass Destruction (FRCWMD) - DTRA Basic Research,Defense Threat Reduction Agency (DTRA),defense_security,United States,no_stage_restriction,research_grant,research_project,"physical_sciences, life_sciences, biomedical_health, engineering","Fund fundamental/basic research to discover new science and technologies that counter chemical, biological, radiological and nuclear (weapons of mass destruction) threats.","DTRA's basic research (6.1) flows through the Fundamental Research to Counter WMD (FRCWMD) Broad Agency Announcement, a long-standing BAA with periodic thrust-area calls; also funds university research alliances. The cited dtra.mil/Research.aspx overview loads (re-verified live 2026-07) but does not itself enumerate FRCWMD terms, eligibility or award sizes, so coverage reclassified enumerated->guidance and confidence held at medium; FRCWMD-specific solicitations post on grants.gov/SAM.gov.",hypothesis_driven_mature,"Varies by thrust and award type (grants and contracts, multi-year); specific levels unspecified.",Multi-year (varies).,other,,"Open to academia, industry and government labs; participation in some WMD-sensitive/export-controlled areas may be restricted.",none,n/a,TRUE,"Countering weapons of mass destruction (chemical, biological, radiological, nuclear / CBRN) science and technology.",individual_direct,unspecified,none,"Uses grants and contracts; also supports multi-university research alliances/consortia. No blanket PI citizenship gate stated, but WMD sensitivity/export control can constrain foreign participation.",rolling,Competitive; rate unspecified.,Per the FRCWMD BAA: scientific/technical merit and relevance to countering WMD threats; white paper then full proposal.,,guidance,https://www.dtra.mil/Research.aspx,medium,2026-07-18,unknown,,,,,2026-07-18,2026-07-18,2026-07-18,2026-07-18,
IARPA Research Programs (BAA-driven contracts),Intelligence Advanced Research Projects Activity (IARPA),defense_security,United States,no_stage_restriction,contract,research_project,"computing_math, physical_sciences, engineering, social_sciences","Invest in high-risk, high-payoff research to tackle the most difficult challenges facing the US Intelligence Community; programs are milestone-driven and metric-focused with defined test-and-evaluation.","Guidance row (portfolio of contract-based programs, not a standing individual-PI grant). IARPA funds via program-specific BAAs awarding milestone-driven R&D contracts; teams drawn from industry, academia and non-profits. The open-BAAs page and the IDEAS submission portal are the funder's standing entry points (re-verified live 2026-07); whether any BAA is currently open fluctuates cycle to cycle, so no fixed open/closed state is asserted here.",exploratory_highrisk,"Program- and phase-specific; varies widely (multi-year, often multi-team R&D contracts).","Multi-year, phased with milestone/go-no-go structure.",other,,"Open to performers from government, the private sector, academia and the broader scientific community; specifics set per program BAA.",none,n/a,TRUE,Program-specific intelligence-relevant technical challenges announced per BAA.,individual_direct,unspecified,none,Eligibility/security constraints vary by program; unclassified proposals submitted through IARPA's IDEAS system.,irregular,Program-dependent; unspecified.,Set per BAA; typically scientific/technical merit against measurable program metrics and relevance to the Intelligence Community.,,guidance,https://www.iarpa.gov/engage-with-us/open-baas,medium,2026-07-18,unknown,,,,,2026-07-18,2026-07-18,2026-07-18,2026-07-18,
Young Investigator Program (YIP),Office of Naval Research (ONR),defense_security,United States,early_career_faculty,research_grant,"research_project, career_development","physical_sciences, engineering, computing_math, life_sciences","Attract outstanding early-career academic scientists and engineers showing exceptional promise for creative research, support their development, and engage them in Naval science and technology.","Broad naval-relevant S&T scope; funds salary, students, supplies, travel and indirect costs. Amount ($750K over 36 months), the 7-year PhD window, first/second tenure-track requirement, and US citizen/national/PR gate re-verified 2026-07 on the ONR YIP page.",hypothesis_driven_mature,"~$750,000 total (up to $250,000/year).",36 months.,citizen_national_pr_required,7,In first or second full-time tenure-track (or tenure-track-equivalent) appointment AND received doctorate within the past seven years.,none,n/a,FALSE,,individual_direct,No prior-funding dollar cap. Eligibility is gated purely by career stage: doctorate within the past 7 years AND holding a first or second full-time tenure-track (or equivalent) appointment at the proposal deadline; there is no disqualification based on prior federal award history.,us_institution,"US citizen, US national, or permanent resident required at the proposal deadline; must be at a US institution of higher education (or eligible US non-profit).",annual,Highly competitive; rate unspecified.,"Per ONR YIP BAA: overall scientific/technical merit, qualifications of the PI, and potential relevance/contribution to Navy and Marine Corps needs.",,enumerated,https://www.onr.navy.mil/education-outreach/sponsored-research/yip,high,2026-07-18,active,,“Please refer to the annual solicitation for details and deadlines on the application process”; ONR lists YIP award recipients through 2026. No suspension notice.,https://www.onr.navy.mil/education-outreach/sponsored-research/yip,2026-09-17,2026-07-18,2026-07-18,2026-07-18,2026-07-18,
Multidisciplinary University Research Initiative (MURI),U.S. Department of Defense (cross-service),defense_security,United States,no_stage_restriction,research_grant,research_project,domain_agnostic,"Support teams of researchers investigating high-priority basic-research topics that intersect more than one traditional technical discipline, to accelerate progress and expedite transition into defense applications.","Joint DoD program administered by ONR, ARO and AFOSR; topics and lead agency rotate annually. Large multidisciplinary team grant. Award band (~$0.5M-$1M/yr), the 3-year base + 2-year option structure, and the US degree-granting institution requirement re-verified 2026-07 on the ONR MURI page. Per-award total marked estimate. Bucketed under 'U.S. Department of Defense (cross-service)' for perFunderCounts.",hypothesis_driven_mature,~$0.5M-$1M+ per year per award (per ONR; varies by topic/agency); commonly ~$1.25M-$1.5M/yr (est.). Total up to ~$6.25M over 5 years (est.).,3 years base plus up to a 2-year option (up to 5 years).,host_country_institution_required,,US institutions of higher education with science/engineering degree programs (or consortia of such institutions); one lead academic awardee.,none,n/a,TRUE,Annually announced multidisciplinary research topics set by ONR/ARO/AFOSR.,individual_direct,no,us_institution,"No explicit PI citizenship requirement, but a US degree-granting institution must lead. Multi-investigator, often multi-institution teams.",annual,Highly competitive; rate unspecified.,"Per the DoD MURI BAA: scientific/technical merit, degree to which the team advances the multidisciplinary topic, and potential impact/relevance to DoD; two-stage white paper then invited full proposal.",,enumerated,https://www.onr.navy.mil/education-outreach/sponsored-research/university-research-initiatives/muri,high,2026-07-18,active,,ONR presents MURI as a standing DoD university research initiative accepting proposals under its annual announcement; no suspension or termination notice.,https://www.onr.navy.mil/education-outreach/sponsored-research/university-research-initiatives/muri,2026-09-17,2026-07-18,2026-07-18,2026-07-18,2026-07-18,"Domain-agnostic across cycles but each year's topics are specific (topic_restricted = true). Status verified 2026-09-17. The most recent full-proposal date quoted on the page was 6 September 2024, so the page itself is not freshly dated; the programme shows no wind-down."
National Defense Science and Engineering Graduate (NDSEG) Fellowship,U.S. Department of Defense (cross-service),defense_security,United States,graduate_predoc,fellowship,"salary_stipend, training","physical_sciences, engineering, computing_math, life_sciences",Support US graduate students pursuing doctoral degrees in STEM disciplines of importance to the DoD; a joint Army/Navy/Air Force fellowship.,"Joint DoD program of the Army (ARO), Navy (ONR) and Air Force (AFOSR). citizenship_residency mapped to citizen_national_pr_required as the closest 'US-person' enum, but the schema value OVERSTATES eligibility: PRs are excluded (citizens/nationals only), confirmed 2026-07 on the ONR NDSEG page. 36-month tenure and full tuition + stipend confirmed; stipend marked est. (funder page defers exact levels to the annual announcement). Bucketed under 'U.S. Department of Defense (cross-service)' for perFunderCounts.",career_training,"Full tuition and required fees; monthly stipend (~$3,200-$3,400/mo, ~$41k/yr, est.); plus a health-insurance allowance.",36 months (3 years).,citizen_national_pr_required,,Early-stage PhD students (at or near the start of graduate study; not beyond ~two years into a traditional PhD) in DoD-relevant STEM fields.,none,n/a,FALSE,,individual_direct,"No prior-award exclusion (previously having held another fellowship does not disqualify an applicant); however, an NDSEG Fellow may NOT accept simultaneous remuneration from another fellowship - if offered both NDSEG and another fellowship (e.g., NSF GRFP), the awardee must choose one and cannot hold them concurrently.",us_institution,"US CITIZENS OR US NATIONALS ONLY - permanent residents are NOT eligible (stricter than the DoD S&T faculty awards, which allow PRs); re-verified on the funder page 2026-07. Dual citizens eligible. Supported STEM disciplines are a defined list. No service obligation.",annual,Highly competitive; rate unspecified.,"Merit-based selection on academic achievement/record, research potential, and recommendations.",,enumerated,https://www.onr.navy.mil/education-outreach/undergraduate-graduate/ndseg-graduate-fellowship,high,2026-07-18,active,,“Submission Date: January of each year; see application materials for exact date”. No cancellation or pause notice.,https://www.onr.navy.mil/education-outreach/undergraduate-graduate/ndseg-graduate-fellowship,2026-09-17,2026-07-18,2026-07-18,2026-07-18,2026-07-18,"Bucketed under 'U.S. Department of Defense (cross-service)' for perFunderCounts. | prior-funding verified 2026-07-18: no prior-award bar, but cannot hold concurrent fellowship remuneration (must choose between NDSEG and e.g. NSF GRFP). The 2026-09-17 wave-2 attempt failed with a DNS error, which was transient; retried successfully the same day. A failed fetch is never evidence (D-009)."
Presidential Early Career Award for Scientists and Engineers (PECASE),U.S. Department of Defense (cross-service),defense_security,United States,early_career_faculty,prize,career_development,domain_agnostic,The highest honor bestowed by the US Government on outstanding scientists and engineers beginning their independent research careers and showing exceptional promise for leadership in science and technology.,"Cross-DoD (and government-wide) recognition, not a standalone funding solicitation. PECASE is coordinated by White House OSTP across many federal agencies; DoD channels nominations through ONR, ARO, AFOSR and DARPA. It has no single standing solicitation page, so source_url is a representative ONR news release documenting DoD/ONR PECASE honorees (re-verified live 2026-07). Bucketed under 'U.S. Department of Defense (cross-service)'. Confidence medium given it is a recognition without a standing funder program page.",unspecified,"Recognition/honor; any associated research funding is provided through the nominating agency's underlying award (e.g., ONR YIP / ARO ECP).",One-time honor.,citizen_national_pr_required,,Early-career researchers nominated from among a federal agency's own S&T awardees; no direct application.,none,n/a,FALSE,,by_invitation,n/a,none,"DoD nominees are drawn from DoD S&T awardees (e.g., ONR YIP, ARO ECP, AFOSR YIP, DARPA YFA recipients), who are US persons (citizen/national/PR). Finalized by White House OSTP.",irregular,"Extremely selective (nomination-only, government-wide).","Selection based on pursuit of innovative research at the frontiers of S&T and commitment to community service; agencies nominate, OSTP/the President confer.",,enumerated,https://www.onr.navy.mil/media-center/news-releases/onr-funded-young-innovators-recognized-president,medium,2026-07-18,unknown,,,,,2026-07-18,2026-07-18,2026-07-18,2026-07-18,"A prize/recognition, not an applied-for grant; research funds flow through the nominating award. SOURCE DEFECT 2026-09-17: source_url is an ONR news release dated January 2012 whose most recent award year is 2011. A fourteen-year-old news item cannot establish current status, so status stays unknown. Re-point at a current PECASE source (OSTP or the nominating agency) and re-check."
Vannevar Bush Faculty Fellowship (VBFF),U.S. Department of Defense (cross-service),defense_security,United States,"senior_established, midcareer",fellowship,research_project,domain_agnostic,"Support the nation's most distinguished faculty in pursuing high-risk, transformative 'blue sky' basic research of interest to the DoD.",Single-PI fellowship administered via ONR for the Office of the Under Secretary of Defense for Research & Engineering (Basic Research). Formerly the National Security Science and Engineering Faculty Fellowship (NSSEFF); renamed in 2016 to honor Vannevar Bush. Amount (up to $3M over 5 years) re-verified 2026-07 on the basicresearch.defense.gov VBFF page. Bucketed under 'U.S. Department of Defense (cross-service)'.,exploratory_highrisk,"Up to $3,000,000 over 5 years (up to ~$600,000/year).",5 years.,citizen_national_pr_required,,Tenured or tenure-track faculty at US doctoral-granting institutions; program aimed at distinguished/established (often senior) researchers.,none,n/a,TRUE,DoD-relevant basic-research topic areas announced per cycle.,individual_direct,no,us_institution,"US citizen or permanent resident. Two-stage: open white paper then invited full proposal; a PI may submit only one application (institutions may submit unlimited white papers, so this is not a limited-submission nomination cap).",annual,Extremely selective (small annual class of distinguished fellows).,"Scientific excellence, creativity, and potential for transformative/revolutionary impact on DoD-relevant basic research.",,enumerated,https://basicresearch.defense.gov/Programs/Vannevar-Bush-Faculty-Fellowship/,high,2026-07-18,active,,"DoD presents VBFF as current: “the Department of Defense's most prestigious single-investigator award”, “a 5-year fellowship with up to $3 million in funding”. No termination notice.",https://basicresearch.defense.gov/Programs/Vannevar-Bush-Faculty-Fellowship/,2026-09-17,2026-07-18,2026-07-18,2026-07-18,2026-07-18,Task's 'senior' framing reflected in career_stage; eligibility formally allows tenured or tenure-track faculty. Resolved 2026-09-17 with a rendering browser: basicresearch.defense.gov returns HTTP 403 to a plain text fetch.
AHRQ Health Services Research Projects (R01),"Agency for Healthcare Research and Quality (AHRQ), U.S. Department of Health and Human Services",mission_applied,United States,no_stage_restriction,research_grant,research_project,"biomedical_health, social_sciences","Fund investigator-initiated research to improve the quality, safety, efficiency, equity, and effectiveness of U.S. health care.",Standing parent R01 mechanism (multiple standard due dates per year -> application_cadence=rolling/standing). Variants collapsed/noted: R18 Demonstration & Dissemination; R03 Small Research Grant; plus AHRQ K and T/F awards. Review-criteria mapping to the NIH three-factor framework is unconfirmed on the funder page (hence confidence=medium).,hypothesis_driven_mature,Varies by NOFO (large investigator-initiated project grant; AHRQ budgets typically capped below NIH levels — verify current NOFO),Up to ~3-5 years (per NOFO),host_country_institution_required,,,none,n/a,TRUE,"health services research — healthcare quality, patient safety, delivery/practice improvement, access, cost, and whole-person care",individual_direct,no (investigator-initiated R01; not an early-career-restricted mechanism),us_institution,"Domestic (U.S.) public/private higher-education, nonprofit, and other eligible organizations; foreign institutions generally ineligible for AHRQ. Investigator-initiated health services research committed to improving healthcare quality, safety, and equity.",rolling,Competitive; payline varies by year (unspecified),"AHRQ peer review (using the NIH/CSR review infrastructure): significance and impact on healthcare quality/safety/effectiveness, approach/methodology and feasibility, investigators, innovation, and environment; plus relevance to AHRQ's mission. NOTE: AHRQ borrows NIH review infrastructure but the NIH-specific 'simplified three-factor' framework (Importance; Rigor & Feasibility; Expertise & Resources) is not confirmed as adopted verbatim by AHRQ — verify the current NOFO.",,enumerated,https://www.ahrq.gov/news/research-funding-opportunities.html,medium,2026-07-18,active,,AHRQ's Notice of Funding Opportunities page is live and describes its RFA and Program Announcement routes in the present tense: “All RFAs are published in the NIH Guide for Grants and Contracts”.,https://www.ahrq.gov/funding/fund-opps/index.html,2026-09-17,2026-07-18,2026-07-18,2026-07-18,2026-07-18,"Verified 2026: AHRQ's funding page currently lists 'AHRQ Health Services Research Projects (R01)' plus related R01s (e.g., Research to Advance the Science of Primary Care); no agency-elimination/suspension notice on the page. AHRQ = mission-applied health-services research, distinct from NIH biomedical science funding. Resolved 2026-09-17 with a rendering browser; ahrq.gov returns HTTP 403 to a plain text fetch. Verified at agency level: the page confirms AHRQ is issuing opportunities but does not name a specific open R01 announcement. Consider re-pointing source_url at ahrq.gov/funding/fund-opps/index.html."
National Leadership Grants (for Museums; parallel Libraries program noted),Institute of Museum and Library Services (IMLS),mission_applied,United States,no_stage_restriction,research_grant,"research_project, community, training","humanities, social_sciences","Support projects that address critical needs of the museum and library fields and develop model practices, tools, research findings, and collaborations of national impact.","institution_type_restriction=other (museum/library sector: museums, libraries, and their nonprofit service organizations). Two parallel standing programs (National Leadership Grants for Museums and for Libraries) differ chiefly in eligible applicant type; collapsed to one row (Libraries variant noted). Funds applied research + national field-capacity building -> research_stage=infrastructure_resource.",infrastructure_resource,"$50,000-$750,000; requires 1:1 non-federal cost share (funds equal to or greater than the federal request)",1-3 years,host_country_institution_required,,,none,n/a,TRUE,"advancing the museum and library fields — learning/engagement, community responsiveness, collections care/conservation, digital tools and services",individual_direct,no,other,"Eligible = U.S. museums, museum/library service organizations, and affiliated nonprofits (and, under the parallel Libraries program, libraries and library agencies). Applicants may apply on behalf of the field. Match equal to or greater than the request required.",annual,Competitive (rate unspecified),"Merit review: significance/need, project design and quality, applicant capacity, and impact/results and sustainability for the field.",,enumerated,https://www.imls.gov/find-funding/funding-opportunities/grant-programs/national-leadership-grants-for-museums,high,2026-07-18,active,,"“The FY 2027 Notice of Funding Opportunity is now available” with “Deadline: November 13, 2026”.",https://www.imls.gov/find-funding/funding-opportunities/grant-programs/national-leadership-grants-for-museums,2026-09-17,2026-07-18,2026-07-18,2026-07-18,2026-07-18,"Verified 2026: program ACTIVE despite 2025 agency disruption — the funder page lists an FY2027 cycle with a tentative deadline of Nov 13, 2026 (FY2027 NOFO not yet posted) and carries the standard disclaimer that awards are 'subject to the availability of funds and IMLS discretion.' Award range ($50k-$750k) and 1:1 match confirmed on the page. IMLS also runs Laura Bush 21st Century Librarian, Museums for America, and Native American/Native Hawaiian programs (not separate rows). IMLS carries a standing caveat that all programmes are subject to the availability of funds and IMLS discretion."
Grants for Arts Projects (GAP),National Endowment for the Arts (NEA),mission_applied,United States,no_stage_restriction,research_grant,"community, training",arts,"Fund public-facing arts projects that give Americans access to the arts, arts education, and cultural heritage.","ARTS PROJECT GRANT (performances, exhibitions, education, arts-in-health) — NOT research. mechanism_type=research_grant is used ONLY as the schema's generic project-grant bucket (no arts-project type exists) and should not be read as a research mechanism; research_stage=unspecified. institution_type_restriction=nonprofit_only flags that individuals/for-profits are barred (state/local govt and tribes are also eligible). Award range, 1:1 match, and org-only eligibility verified on the funder page 2026.",unspecified,"$10,000-$100,000 (standard GAP); Local Arts Agencies subgranting $30,000-$150,000; Challenge America $10,000; requires >=1:1 non-federal match (cash or in-kind)",Project-based (up to ~2 years),host_country_institution_required,,,none,n/a,FALSE,"arts projects across disciplines (dance, design, folk/traditional, literary, media, museums, music, opera, theater, visual arts, arts education, arts & health)",individual_direct,no,nonprofit_only,"Eligible = 501(c)(3) nonprofits, units of state/local government, and federally recognized tribes with >=5 years of arts programming and >=$20,000 annual operating expenses. INDIVIDUALS and for-profits are INELIGIBLE (verified). Generally one GAP application per organization per year.",annual,Competitive; 1:1 cost-share required (rate unspecified),Two statutory criteria: Artistic Excellence and Artistic Merit of the project.,,enumerated,https://www.arts.gov/grants/grants-for-arts-projects,high,2026-07-18,active,,"Next application deadline “July 9, 2026 11:59 pm Eastern Time” for Part 1 via Grants.gov. No suspension notice.",https://www.arts.gov/grants/grants-for-arts-projects,2026-09-17,2026-07-18,2026-07-18,2026-07-18,2026-07-18,"NEA also runs Research Grants in the Arts / NEA Research Labs (genuine social-science research on the arts) — noted here, not a separate row. Ensures the ARTS domain is represented."
NEH Fellowships,"National Endowment for the Humanities (NEH), Division of Research Programs",mission_applied,United States,no_stage_restriction,fellowship,"salary_stipend, research_project",humanities,Support individual scholars pursuing advanced research in the humanities that culminates in scholarly and general-audience publications.,"citizenship_residency=other because eligibility is U.S. citizen OR >=3-year U.S. resident (not strictly PR). research_stage=unspecified because humanities advanced research does not map to science stages. topic_restricted was flipped to TRUE this audit because the current (2026) cycle imposes an explicit 'will only accept' thematic restriction (American history & culture / Western civilization) — a real eligibility gate that per the structure rule must live in its own column; the base program is normally humanities-wide, so re-verify the theme each cycle.",unspecified,"$5,000/month; maximum $60,000 (paid directly to the individual, not the institution)",6-12 months of continuous full-time work,other,,,none,n/a,TRUE,"CURRENT (2026) CYCLE RESTRICTION (verified): projects in U.S. history, culture, and government (Colonial era to the present) OR Western civilization (antiquity to the present). Base program is otherwise humanities-wide; theme is set per cycle.",individual_direct,no (NEH Fellowships allows prior NEH awardees to reapply; per-cycle limit is one NEH application per deadline; no prior-award ban surfaced on the Fellowships page — distinct from Summer Stipends),none,"Individuals apply directly; independent scholars and junior scholars explicitly encouraged; no career-stage restriction. Only one NEH application per deadline. Citizenship: U.S. citizens (resident or abroad) or foreign nationals resident in the U.S./its jurisdictions >=3 years. VERIFIED 2026: the 2026 competition 'will only accept projects for research in American history and culture and Western civilization' — a hard current-cycle thematic gate now reflected in topic_restricted=true. The April 22, 2026 deadline has passed; updated guidelines to be posted before the next deadline.",annual,Highly competitive (funding rate unspecified),Peer review: intellectual significance and quality/conception of the project; feasibility and likelihood of completion; qualifications of the applicant; and quality of the writing sample.,,enumerated,https://www.neh.gov/grants/research/fellowships,high,2026-07-18,active,,"“The deadline for this cycle has passed. Updated guidelines will be posted in advance of the next deadline”; the next cycle opens 15 January 2027 with a 14 April 2027 deadline. Between cycles, not wound down.",https://www.neh.gov/grants/research/fellowships,2026-09-17,2026-07-18,2026-09-17,2026-07-18,2026-07-18,"Companion program NEH Summer Stipends is a separate row (shorter, smaller, nomination-limited, with a prior-award gate)."
NEH Summer Stipends,"National Endowment for the Humanities (NEH), Division of Research Programs",mission_applied,United States,no_stage_restriction,fellowship,"salary_stipend, research_project",humanities,Stimulate new humanities research and its publication via a concentrated two-month period of full-time work.,"Distinct from NEH Fellowships (shorter 2 months, smaller $8,000, nomination-limited), so a separate row per the split rule. citizenship_residency=other (U.S. citizen or >=3-year resident); research_stage=unspecified. AUDIT FIX: prior_funding_exclusion upgraded from unconfirmed to CONFIRMED — the funder page now bars applicants who previously held any NEH individual award. Amount not restated on the page this run (marked est.) and a possible AI thematic emphasis is unresolved, so confidence downgraded high->medium.",unspecified,"$8,000 flat stipend (est.; the dollar figure was not restated on the page this run)",Two consecutive months of continuous full-time work,other,,,none,n/a,FALSE,,institutional_nomination_limited,"YES (verified 2026): applicants must NOT have previously held an NEH award in any of NEH's programs for individuals (fellowships/stipends) — a genuine disqualifying prior-award gate (a 2024-era restriction), in addition to the one-nominee-per-institution submission limit.",none,"Individuals; supports humanities projects at any stage, especially early-stage research or late-stage writing. LIMITED SUBMISSION (verified): most faculty at colleges/universities require institutional nomination — institutions may nominate only ONE faculty member per deadline; independent scholars and certain non-teaching/community-college applicants may apply without nomination. Citizenship as for NEH Fellowships (U.S. citizen or >=3-year U.S. resident). POSSIBLE current thematic emphasis: the page references NEH's 'Humanities Perspectives on Artificial Intelligence' initiative (ethical/legal/societal implications of AI) — unclear whether this is an exclusive restriction or a highlighted emphasis; verify per current NOFO (reason topic_restricted left false and confidence set to medium).",annual,Competitive (funding rate unspecified),Peer review: intellectual significance and quality of the project; feasibility; applicant qualifications; and quality of the writing sample.,,enumerated,https://www.neh.gov/grants/research/summer-stipends,medium,2026-07-18,active,,"NEH's Summer Stipends page remains published and states the programme provides $8,000 for two consecutive months of full-time work, with “Updated guidelines will be posted in advance of the next deadline”.",https://www.neh.gov/grants/research/summer-stipends,2026-09-17,2026-09-17,2026-07-18,2026-07-18,2026-07-18,"Award confirmed 2026-09-17 at $8,000 flat, so the earlier (est.) qualifier can be dropped on the next amount pass. PROVENANCE NOTE: neh.gov returns HTTP 403 to automated clients including a rendering browser, so this was read through the search index rather than fetched directly — weaker than a direct read."
Sea Grant John A. Knauss Marine Policy Fellowship,NOAA National Sea Grant College Program,mission_applied,United States,graduate_predoc,fellowship,"career_development, salary_stipend",social_sciences,"Provide a unique one-year educational and professional experience placing graduate students in federal executive- and legislative-branch marine-policy offices in Washington, DC.","citizenship_residency=citizen_national_pr_required (U.S. citizen, green-card/PR holder, or dual national) — confirmed on the funder page. submission_path=institutional_nomination_limited because applicants must apply via one of the state/territorial Sea Grant programs (nomination path), confirmed. Amount marked est. (not restated on the page this run). Sea Grant also funds coastal/ocean/Great-Lakes RESEARCH, extension, and education via its state programs' omnibus competitions and national competitions (cooperative-agreement/coordinated-network); represented in notes, not a separate row, to respect the row cap.",career_training,"~$74,700 salary + fringe plus allowances (up to ~$5,000 expenses, host travel up to ~$15,000, placement-week up to ~$2,500); total varies by year/placement (est.; the stipend figure was not restated on the current page this run)","One year, in-residence in Washington, DC (Class of 2027 serves ~June 2027-May 2028; nomination via state programs, deadline ~July 1, 2026)",citizen_national_pr_required,,Enrolled in a graduate degree program at an accredited U.S. institution between Fall 2025 and June 2026 (any graduate degree level) at the time of application,none,n/a,TRUE,"ocean, coastal, and Great Lakes resources and their national policy/management",institutional_nomination_limited,no,us_institution,"Open to graduate students (master's, JD, PhD, etc.) in any discipline with demonstrated interest in ocean/coastal/Great Lakes resources and national policy. VERIFIED: must be a U.S. citizen (born or naturalized), U.S. lawful permanent resident (green-card holder), or U.S. dual national. Apply THROUGH your state/regional Sea Grant program, which reviews applications and nominates finalists to the national competition.",annual,Competitive; annual cohort size varies by year (exact rate unspecified),"Competitive review by state Sea Grant programs then a national panel; selection on academic/professional achievement, demonstrated interest and leadership in marine/coastal policy, and communication skills.",,enumerated,https://seagrant.noaa.gov/communities/students/graduate-fellows/knauss-fellowship-program/,high,2026-07-18,unknown,,,,,2026-07-18,2026-07-18,2026-07-18,2026-07-18,Two Knauss placement tracks (executive and legislative) collapsed. Broader NOAA Sea Grant research program is represented via this row's design_notes plus the auditNote rather than a separate row (its network/omnibus cooperative-agreement profile is filterably redundant with the DOT UTC and DHS COE rows). UNRESOLVED 2026-09-17: seagrant.noaa.gov returned an empty body to both a text fetch (HTTP 403) and a rendering browser. Status stays unknown; needs a different NOAA Sea Grant source.
DHS Science & Technology Directorate Centers of Excellence (COE),"U.S. Department of Homeland Security, Science & Technology Directorate, Office of University Programs (OUP)",mission_applied,United States,no_stage_restriction,cooperative_agreement,"research_project, training",domain_agnostic,"Build university-based research and education networks that deliver rigorous, objective knowledge and solutions to DHS homeland-security challenges and develop the homeland-security workforce.","Classified cooperative_agreement per DHS (substantial agency involvement); coordinated multi-institution centers. Award-size specifics not on the program index page, so typical_award_size=unspecified rather than fabricate a figure.",coordinated_network,unspecified (multi-year cooperative agreements providing annual research + management funding; per-center amount not published on the program index page),"Multi-year (typically several years, renewable)",host_country_institution_required,,,none,n/a,TRUE,"homeland security research (Arctic/maritime domain awareness, cross-border threat screening & supply-chain defense, coastal & critical-infrastructure resilience, terrorism/behavioral analysis, food/agriculture protection)",individual_direct,no,us_institution,"University-led research consortia; academic institutions lead, partnering with industry, national labs, DHS operational components, and state/local/tribal/territorial agencies and first responders; competitively selected cooperative agreements (substantial DHS involvement).",irregular,Limited cohort of active university-led centers (small number funded),"Merit review of research quality and relevance to the DHS homeland-security mission, plus education/workforce development and engagement of operational partners (per OUP solicitations).",,enumerated,https://www.dhs.gov/science-and-technology/centers-excellence,high,2026-07-18,active,,"Nine current Centers of Excellence listed with leadership; “Each DHS Center of Excellence (COE) is led by a U.S. college or university in partnership”; page last updated 7 March 2025. Completed centres are listed separately as Emeritus, a normal lifecycle rather than a closure.",https://www.dhs.gov/science-and-technology/centers-excellence,2026-09-17,2026-07-18,2026-07-18,2026-07-18,2026-07-18,"Verified 2026: program active; current active COEs listed on the DHS S&T page are the Arctic Domain Awareness Center (ADAC), Cross-Border Threat Screening and Supply Chain Defense (CBTS), and Maritime Security Center (MSC); earlier centers (borders/immigration, coastal resilience, terrorism/behavioral analysis, food protection) are now emeritus. No suspension/wind-down notice on the page."
Graduate Research Fellowship (GRF),"U.S. Department of Justice, National Institute of Justice (NIJ)",mission_applied,United States,graduate_predoc,fellowship,"salary_stipend, research_project",social_sciences,Support outstanding doctoral students conducting dissertation research with demonstrable relevance to criminal justice.,"Formerly split into GRF-STEM and GRF-Social/Behavioral tracks; since ~FY2020 unified into a single GRF opportunity (verified: current review panels span Biology, Chemistry, Computer Science & Engineering AND social/behavioral fields applied to crime/justice). Awarded to the institution to support the candidate; classified fellowship, research_stage=career_training. Dollar figures are from the most recent NOFO and not restated on the current overview page.",career_training,"Up to ~$50,000/yr (approx. <=$35,000 salary/fringe + <=$12,000 education allowance + <=$3,000 research costs); up to 3 yrs, max total ~$150,000 (est., per recent NOFO; dollar amounts are NOT restated on the current program-overview page)","Up to 3 years of support, usable over a 5-year period",host_country_institution_required,,Enrolled in a PhD program at an accredited U.S. institution with dissertation research demonstrably relevant to NIJ's mission; advancement to doctoral candidacy (ABD) is typically required by award start per the NOFO (the current overview page states only 'currently enrolled in a Ph.D. program').,none,n/a,TRUE,"crime, justice, and public safety (dissertation research relevant to the NIJ mission)",individual_direct,no: dissertation-stage predoctoral fellowship; the only gating status is enrollment/advancement in the PhD (no disqualifying prior-award list on the funder overview page),us_institution,"For doctoral students at accredited U.S. institutions whose dissertation research has demonstrable relevance to preventing/controlling crime, victimization/victim services, or fair administration of justice; the host institution applies on behalf of the student. Foreign citizenship does not affect eligibility (host must be a U.S. institution).",annual,Competitive (rate unspecified); GRF not offered in some fiscal years subject to appropriations,"Merit review of the quality/technical merit and impact of the proposed dissertation research, its relevance to NIJ's mission, and applicant capabilities.",,enumerated,https://nij.ojp.gov/funding/fellowships/graduate-research-fellowship-program-overview,high,2026-07-18,active,,NIJ describes the fellowship in the present tense as a current programme with no discontinuation notice; page publication date 1 October 2024.,https://nij.ojp.gov/funding/fellowships/graduate-research-fellowship-program-overview,2026-09-17,2026-07-18,2026-07-18,2026-07-18,2026-07-18,"NIJ also runs general research & evaluation grant solicitations and other fellowships/student programs (Du Bois tracked separately). Program confirmed active on the current overview page. Status evidence 2026-09-17 is a page last dated 2024, which is weaker than a live deadline. Re-check when NIJ posts its next solicitation."
W.E.B. Du Bois Program of Research on Reducing Racial and Ethnic Disparities in the Justice System,"U.S. Department of Justice, National Institute of Justice (NIJ)",mission_applied,United States,"early_career_faculty, senior_established",research_grant,research_project,social_sciences,"Elevate independently generated research on the intersections of race, crime, violence, and justice to national significance and build a diverse next generation of scholars.","POST-SFFA CLARIFICATION (re-verified 2026): the program's TOPIC is racial/ethnic disparities, but APPLICANT eligibility is NOT restricted by the researcher's race/ethnicity — the funder page contains no race/ethnicity applicant restriction and it is open to all qualified researchers, so identity_targeting=none and identity_gate_type=n/a. This is a RESEARCH-GRANT program with two career levels (Fellows=early-career, Scholars=advanced), not a stipend fellowship despite the historical 'fellowship' URL. Program active (most recent award listed Dec 20, 2024).",hypothesis_driven_mature,"Recent project awards ~$500,000-$1,133,976 (from NIJ award listings; 2024 award $1,133,976; 2023 awards ~$599,976-$730,834; varies by level)",Multi-year (unspecified exact period),host_country_institution_required,,,none,n/a,TRUE,"race, crime, violence, and the administration of justice; reducing racial and ethnic disparities in the justice system",individual_direct,no (career-level tiers Fellow vs Scholar define eligibility; no disqualifying prior-award list on the program page),us_institution,"Two levels: Du Bois Fellows (early-career researchers) applying for research/evaluation grants, and Du Bois Scholars (advanced-career researchers) whose grants also mentor less-experienced researchers. Awarded to researchers/institutions. Applicant eligibility is defined by career stage, NOT by the researcher's race/ethnicity.",annual,Small number of awards annually (rate unspecified),"Merit review of research quality/technical merit and relevance to advancing knowledge on race, crime, and justice and reducing disparities (per NIJ solicitation).",,enumerated,https://nij.ojp.gov/funding/fellowships/web-du-bois-program,high,2026-07-18,active,,“The W.E.B. Du Bois Fellowship for Research on Reducing Racial and Ethnic Disparities in the Justice System supports quantitative and qualitative research”; page updated 20 December 2024 with a 2024 award listed. No suspension or renaming notice.,https://nij.ojp.gov/funding/fellowships/web-du-bois-program,2026-09-17,2026-07-18,2026-07-18,2026-09-17,2026-07-18,Program name/framing has shifted across cycles; verify current-year title and scope in the active NOFO. Status evidence 2026-09-17 is a page last dated 2024. Given the subject matter this is a row to re-check sooner than the default.
University Transportation Centers (UTC) Program,"U.S. Department of Transportation (DOT), Office of the Assistant Secretary for Research and Technology (OST-R)",mission_applied,United States,no_stage_restriction,research_grant,"research_project, training","engineering, social_sciences",Advance the state of the art in transportation research and technology and develop the next generation of transportation professionals through university-based centers of excellence.,"Center/consortium grant blending research + education + workforce + technology transfer; classified research_grant because the schema has no center-grant type (research is the dominant activity), research_stage=coordinated_network for the multi-institution consortium structure. Congressionally mandated (established 1987). Tier counts/funding are from the 2022 competition record, not restated on the funder landing page (hence est. on amount).",coordinated_network,"~$80-100M/yr total across 35 centers (5 national, 10 regional, 20 Tier 1); national & regional UTCs require 1:1 non-federal match, Tier 1 UTCs require 50% match; per-center amount varies by tier (est.)","Multi-year center grants (5-year program cycle, 2022-2026)",host_country_institution_required,,,none,n/a,TRUE,"transportation research, education, workforce development, and technology transfer",individual_direct,no,us_institution,Eligible applicants = U.S. nonprofit institutions of higher education (including qualifying 2-year institutions) forming consortia; competitively selected; awarded as grants (not cooperative agreements). Some tier/regional competitions geographically restricted to a region's states. Verified 2026: program active and congressionally mandated (since 1987); IIJA UTC cohort confirmed on the funder page.,irregular,Competitive; fixed number of centers per tier (5 national / 10 regional / 20 Tier 1),"Merit review against DOT RD&T strategic priorities; quality of research, education, and workforce-development plans; leadership/management capacity; and technology transfer (per UTC NOFO).",,enumerated,https://www.transportation.gov/utc,high,2026-07-18,active,,"“DOT invests in the future of transportation through its University Transportation Centers (UTC) Program, which awards and administers grants to consortia of colleges and universities”; described as “Congressionally-mandated” and in place since 1987.",https://www.transportation.gov/utc,2026-09-17,2026-07-18,2026-07-18,2026-07-18,2026-07-18,"DOT/OST-R also issues separate research grants and BAAs outside UTC (represented here in notes, not a separate row). Current program cycle tied to surface-transportation reauthorization (IIJA/BIL 2022-2026); no post-2026 UTC competition announced as of the check, so future cycle depends on reauthorization. Resolved 2026-09-17 with a rendering browser; transportation.gov returns HTTP 403 to a plain text fetch."
Science to Achieve Results (STAR) Research Grants,"U.S. Environmental Protection Agency (EPA), Office of Research and Development",mission_applied,United States,no_stage_restriction,research_grant,research_project,"physical_sciences, life_sciences, engineering","Fund extramural, investigator-initiated environmental and human-health research to strengthen the scientific basis for EPA decision-making.","STAR is EPA's standing competitive extramural research-grant mechanism; solicitations are topic-based and irregular, hence application_cadence=irregular and confidence=medium (no open opportunities listed, confirmed 2026-04-29). The STAR Graduate Fellowship and GRO Undergraduate Fellowship were DISCONTINUED (final awards 2015) — not a separate active row.",hypothesis_driven_mature,Varies by solicitation (unspecified; historically multi-year extramural research grants),"Typically multi-year (2-4 years, varies by RFA)",host_country_institution_required,,,none,n/a,TRUE,"environmental science and human health (air, water, ecosystems, climate, safer chemicals, sustainability, health research)",individual_direct,no,us_institution,Eligible applicants = U.S. public and private nonprofit institutions of higher education and nonprofit research institutions; for-profit firms generally ineligible (SBIR is a separate mechanism). VERIFIED 2026: EPA's Research Funding Opportunities page states 'There are no open Funding Opportunities' (last modified 2026-04-29). STAR is still named by EPA as its standing extramural mechanism but is currently DORMANT with no open RFAs.,irregular,Competitive; varies by RFA (rate unspecified),"Two-stage review: external scientific peer review for merit, followed by EPA relevancy review for program/mission fit.",,enumerated,https://www.epa.gov/research-grants,medium,2026-07-18,active,,"“EPA funds extramural research through its Science to Achieve Results (STAR) program and the People, Prosperity, and the Planet (P3) Program”. No suspension or discontinuation notice.",https://www.epa.gov/research-grants,2026-09-17,2026-07-18,2026-07-18,2026-07-18,2026-07-18,"STAR remains EPA's named extramural research-grant mechanism (program page current) but shows no open opportunities as of 2026-04-29. NOTE: the EPA P3 National Student Design Competition was NOT retained as a separate row this run — its only verifiable cycle is the closed 21st Annual (applications closed Feb 2024), no 2025/2026 cycle is posted, and EPA reports no open opportunities; see auditNote. Status verified at programme level 2026-09-17; the page names STAR as a current funding route but lists no specific open solicitation or deadline."
ACM SIGHPC Computational and Data Science Fellowship,ACM SIGHPC,professional_society,United States,graduate_predoc,fellowship,"salary_stipend, training",computing_math,Increase the diversity of students completing graduate programs in data science and computational science.,"identity_gate_type=prioritizes CONFIRMED against exact page wording: eligibility is 'open to students pursuing degrees at institutions anywhere in the world' but 'specifically targeted at women or students from racial/ethnic backgrounds that have not traditionally participated in the computing field' - a preference/targeting, NOT a hard restricted_to gate. Diversity is one scored criterion. Verified current (2026 cycle nominations Mar 15-May 15, 2026).",career_training,"US$20,000/year (adjusted by country of study)",up to 4 years (PhD) / up to 2 years (Master's),open_any_nationality,,Current graduate student (Master's or PhD) pursuing a degree in computational and/or data science at an institution anywhere in the world; advisor nomination required.,"women, underrepresented_minorities",prioritizes,TRUE,computational science and data science,individual_direct,unspecified,none,Open to students worldwide; program is specifically targeted at (not restricted to) women or students from racial/ethnic backgrounds underrepresented in computing.,annual,unspecified,Overall potential for excellence in computational/data science; likelihood of completing the degree; extent to which the candidate will increase diversity in the workplace.,,enumerated,https://www.sighpc.org/opportunities/fellowships,high,2026-07-18,active,,"Nominations open: March 15, 2027; nominations close: April 30, 2027.",https://www.sighpc.org/opportunities/fellowships,2026-09-17,2026-07-18,2026-09-17,2026-09-17,2026-07-18,"Formerly the ACM SIGHPC/Intel Computational & Data Science Fellowship; advisor-nominated. Identity wording 2026-09-17 is stronger than the prioritizes coding: 'Specifically targeted at women or students from racial/ethnic backgrounds that have not traditionally participated in the computing field.' Left unchanged pending the full nomination guidance (P1 F-004, open item)."
ACS Petroleum Research Fund Doctoral New Investigator (DNI) Grants,ACS Petroleum Research Fund,professional_society,United States,early_career_faculty,research_grant,"research_project, training","physical_sciences, engineering",Support fundamental research and the training of graduate students by new faculty investigators in the petroleum field.,"New-investigator starter grant; classified research_grant with research_stage=feasibility_pilot to reflect career-launch intent. Cadence marked annual though PRF runs two fixed submission windows/year (fall + spring) - the enum lacks 'semiannual.' 'Not currently accepting' at check time reflects a between-window period, not discontinuation.",feasibility_pilot,"$110,000 over 2 years",2 years,host_country_institution_required,,Regularly-appointed faculty within the first 3 years of an initial Assistant Professor (or equivalent) appointment at a U.S. doctoral-granting non-profit institution; must be able to formally supervise graduate students; appointment must continue through the funding period.,none,n/a,TRUE,fundamental (non-applied) research relevant to the petroleum field / energy; applied research and methods development excluded,individual_direct,"Career limit of three DNI applications considered and/or one funded DNI grant; cannot hold more than one active PRF research grant; PRF will not support a project overlapping (or partially overlapping) research funded by another agency, and the work cannot be a mere extension of the PI's graduate/postdoctoral research. (Confirmed verbatim on funder page.)",us_institution,"Eligibility is institution/appointment-based (U.S. academic institution granting doctorates), not PI nationality.",annual,~75 awards/year,(1) Overall quality/significance/scientific merit; (2) enhancement of student education; (3) novelty of the research for the investigator; (4) impact on the research program; (5) investigator qualifications and facilities.,,enumerated,https://www.acs.org/funding/grants/petroleum-research-fund/programs/doctoral-new-investigator-grants.html,high,2026-07-18,unknown,,,,,2026-07-18,2026-07-18,2026-07-18,2026-07-18,Two submission windows per year (fall and spring cycles).
ACS Petroleum Research Fund New Directions (ND) Grants,ACS Petroleum Research Fund,professional_society,United States,"midcareer, senior_established",research_grant,"research_project, training","physical_sciences, engineering","Stimulate a new direction of research for established faculty and support their student scientists/engineers, in fundamental petroleum-field science.","research_stage=exploratory_highrisk (pivot funding, no preliminary data, must be a new direction). For established (non-new) investigators - complements DNI/UNI. Amount confirmed verbatim.",exploratory_highrisk,"$125,000 over 2 years",2 years,host_country_institution_required,,"Regularly-appointed faculty (incl. emeritus supervising postdocs) at a non-profit U.S. institution, eligible to formally supervise graduate students; established investigators pivoting to a genuinely new research direction.",none,n/a,TRUE,fundamental research in the petroleum field; must be a new research direction for the PI,individual_direct,"Excludes proposals with previous or current funding for the project, and ideas that are a logical extension of the lead PI's ongoing research (the direction must be genuinely new for the lead PI). (Confirmed verbatim on funder page.)",us_institution,Non-tenure-track faculty need department-chair certification.,annual,~75 awards/year,(1) Newness of the research for the lead PI; (2) overall quality/significance/merit; (3) impact on the PI's research program; (4) PI qualifications and facilities; (5) enhancement of student education.,,enumerated,https://www.acs.org/funding/grants/petroleum-research-fund/programs/new-directions-grants.html,high,2026-07-18,unknown,,,,,2026-07-18,2026-07-18,2026-07-18,2026-07-18,"Two submission windows per year (next window opens Feb 9, 2026)."
ACS Petroleum Research Fund Undergraduate New Investigator (UNI) Grants,ACS Petroleum Research Fund,professional_society,United States,early_career_faculty,research_grant,"research_project, training","physical_sciences, engineering",Support fundamental petroleum-field research and the education of undergraduate researchers by new faculty at non-doctoral institutions.,"institution_type_restriction=pui_only (departments without doctoral programs, confirmed verbatim). Two windows/year; cadence marked annual per enum constraints.",feasibility_pilot,"$55,000 over 2 years",2 years,host_country_institution_required,,Faculty in a U.S. department that does NOT grant doctoral degrees; within first 5 years of initial regular academic appointment; Assistant Professor or equivalent; must have completed all PhD requirements; must supervise undergraduate researchers.,none,n/a,TRUE,"fundamental research in the petroleum field (organic/polymer/inorganic chemistry, geochemistry, surface/materials science, petroleum engineering); applied research excluded",individual_direct,Career limit of three UNI applications considered and/or one funded UNI grant; cannot hold more than one active PRF research grant. (Confirmed on funder page.),pui_only,Program is for departments without doctoral programs (primarily-undergraduate context).,annual,~25 awards/year,(1) Overall quality/significance/scientific merit; (2) enhancement of undergraduate science education; (3) novelty for the investigator; (4) impact on the research program; (5) investigator qualifications and facilities.,,enumerated,https://www.acs.org/funding/grants/petroleum-research-fund/programs/undergraduate-new-investigator-grants.html,high,2026-07-18,unknown,,,,,2026-07-18,2026-07-18,2026-07-18,2026-07-18,"Two submission windows per year (next window opens Feb 9, 2026)."
Horton (Hydrology) Research Grant,American Geophysical Union,professional_society,United States,graduate_predoc,research_grant,"research_project, travel",physical_sciences,Promote excellence and encourage next-generation professionals in the hydrological sciences by supporting PhD-student research.,"Representative AGU (geophysics/earth-science) student research grant. Second installment released the following June on submission of a progress report. AGU's GSSI Student Research Grant is retired, so Horton is used instead. Amount and up-to-3 recipients confirmed verbatim.",hypothesis_driven_mature,"up to $10,000 research grant (plus $500 US/Canada or $1,000 international travel; $500 if virtual)",1 year (from annual-meeting presentation),open_any_nationality,,"PhD student studying hydrology, water resources, or a closely related field; active AGU student member; enrolled in a doctoral program for the duration of the award.",none,n/a,TRUE,hydrology / water resources,individual_direct,unspecified,none,AGU student membership required; open to any nationality (international applicants receive higher travel allowance).,annual,up to 3 recipients/year,Importance to advancing knowledge in the field; creativity/originality; clarity of objectives; proposer qualifications; quality of activity conception/organization; sufficient resource access.,,enumerated,https://www.agu.org/honors/horton-grant,high,2026-07-18,unknown,,,,,2026-07-18,2026-07-18,2026-07-18,2026-07-18,Submission window January 17 - March 27 annually (confirmed on funder page).
Career Development Award,American Heart Association,professional_society,United States,"early_career_faculty, transition",career_development_award,"career_development, research_project",biomedical_health,Support early-career healthcare/academic professionals exploring innovative questions or pilot studies to generate preliminary data and establish careers as research scientists.,"Classified career_development_award (mentored K-type). years_since_degree_max=null because the cap is on years-since-first-faculty-appointment (<=6), not years-since-degree (confirmed on funder page).",career_training,"$231,000 total ($77,000/yr incl. 10% institutional indirect)",3 years; non-renewable,other,,"MD, PhD, DO, DVM, DDS or equivalent post-baccalaureate doctoral degree; postdocs eligible but must secure a faculty position before award start; faculty/staff up to and including assistant professor level at activation; no more than 6 years since first faculty/staff appointment; >=10% effort.",none,n/a,TRUE,"cardiovascular, cerebrovascular, and brain health",individual_direct,Excludes any current OR prior recipient of an AHA Career Development Award or Scientist Development Grant; investigators awarded NIH K99/R00 or R01 are ineligible. Carve-out: may hold other NIH K awards concurrently if no budgetary overlap. (Confirmed verbatim on funder page.),none,Citizenship/visa list as with other AHA awards (citizen/PR/pending-PR or E-3/F-1(fellows)/G-4/H-1B/J-1(pre/postdoc)/O-1/TN/DACA). AHA professional membership required.,annual,unspecified,"Mentorship & Career Development; Investigator & Environment; Research Plan (significance, approach, innovation, impact / pathway to independence).",,enumerated,https://professional.heart.org/en/research-programs/aha-funding-opportunities/career-development-award,high,2026-07-18,unknown,,,,,2026-07-18,2026-07-18,2026-07-18,2026-07-18,2027 cycle; annual.
Established Investigator Award,American Heart Association,professional_society,United States,midcareer,research_grant,"research_project, salary_stipend, career_development",biomedical_health,"Support mid-career investigators in a rapid growth phase pursuing an innovative, novel research direction in cardiovascular/cerebrovascular science.","Classified research_grant (mid-career investigator award requiring an established funding record, beyond career-development). research_stage=hypothesis_driven_mature though the award emphasizes a 'novel research direction.' Amounts and 8-criterion review confirmed on funder page.",hypothesis_driven_mature,"$550,000 total ($110,000/yr incl. 10% indirect, indirect capped $10k/yr)",5 years; non-renewable,other,,Full-time faculty/staff scientist; at activation must be at ASSOCIATE PROFESSOR level (or equivalent) and no more than 15 years since first faculty appointment; full professors ineligible; must have a history and current evidence of substantial extramural funding.,none,n/a,TRUE,cardiovascular and cerebrovascular science,individual_direct,Requires a track record of substantial independent extramural funding; full professors ineligible; those >15 years past first faculty appointment ineligible. (Confirmed on funder page.),none,Citizen/PR/pending-PR or E-3/F-1/G-4/H-1B/J-1/O-1/TN/DACA. AHA professional membership required.,annual,unspecified,"Eight criteria; the first two must be met to be competitive: (1) innovative/novel research direction and (2) demonstrated commitment to CV/cerebrovascular disease; also independence, potential, prior national funding, career impact, environment, overall impact.",,enumerated,https://professional.heart.org/en/research-programs/aha-funding-opportunities/established-investigator-award,high,2026-07-18,unknown,,,,,2026-07-18,2026-07-18,2026-07-18,2026-07-18,Next deadline TBA on page; historically annual.
Postdoctoral Fellowship,American Heart Association,professional_society,United States,"postdoc, physician_scientist",fellowship,"salary_stipend, training",biomedical_health,Enhance training of postdoctoral applicants pursuing independent research careers in cardiovascular/cerebrovascular/brain health.,years_since_degree_max=5 confirmed verbatim ('no more than five years of research training since doctoral degree'). Mentor may supervise max four AHA fellows concurrently. Stipend band and 4-year total cap confirmed on funder page.,career_training,"$63,480-$77,076/yr stipend (by years post-degree) + $12,200/yr health insurance + $3,000/yr project support",1-2 years; second 2-year award possible (max 4 years AHA postdoc support/individual),other,5,Holds a post-baccalaureate doctoral degree (PhD or clinical doctorate); no more than five years of research training/experience since that degree; 80% effort to research; not pursuing another doctoral degree; not at faculty rank.,none,n/a,TRUE,"cardiovascular, cerebrovascular, and brain health",individual_direct,May hold only ONE AHA research award at a time. Cannot be pursuing another doctoral degree; not for those holding faculty rank. Maximum of four years of AHA-funded postdoctoral support per individual (a second two-year award may be sought). (Confirmed on funder page.),none,"At submission must hold U.S. citizen, permanent resident, pending PR, or E-3/F-1/G-4/H-1B/J-1/O-1/TN visa or DACA status. AHA professional membership required.",annual,unspecified,Potential of the Fellow (30%); Mentor's Commitment & Training Plan (40%); Research as Training Vehicle (30%); scored 1-9.,,enumerated,https://professional.heart.org/en/research-programs/aha-funding-opportunities/postdoctoral-fellowship,high,2026-07-18,unknown,,,,,2026-07-18,2026-07-18,2026-07-18,2026-07-18,"2027 cycle open (RFP Apr 28, 2026; deadline Aug 5, 2026); annual."
Predoctoral Fellowship,American Heart Association,professional_society,United States,"graduate_predoc, physician_scientist",fellowship,"salary_stipend, training",biomedical_health,"Mentored training for pre-doctoral and clinical health degree students intending careers as scientists, physician-scientists or clinician-scientists focused on cardiovascular/cerebrovascular/brain health.","Mentored predoctoral training fellowship; AHA professional membership required at submission. citizenship_residency='other' because eligibility is a specific list that includes many U.S. visa holders and DACA, not just citizens/PR. Amounts and 3-factor weighted review confirmed verbatim on funder page.",career_training,"$29,364/yr stipend + $4,550/yr health insurance + $2,000/yr project support",1-2 years,other,,"Full-time student in a post-baccalaureate doctoral program (MD, DO, DVM, PharmD, DDS, DrPH, or PhD in science/nursing/public health/clinical health science); must devote 80% effort to research at activation; not at faculty/staff rank.",none,n/a,TRUE,"cardiovascular, cerebrovascular, and brain health",individual_direct,"A Predoctoral Fellowship awardee may hold only ONE AHA research award at a time and may not use a comparable concurrent award as supplementation; must be a matriculated full-time doctoral student, not at faculty/staff rank. No prior-AHA-award disqualification specific to predocs. (Verified on funder page; concurrent-award rule confirmed.)",none,"At submission must hold U.S. citizen, permanent resident, pending PR (I-485 filed), or E-3/F-1/G-4/H-1B/J-1/O-1/TN visa or DACA status; residence in U.S. before applying not required. AHA professional membership required.",annual,unspecified,Potential of the Fellow (30%); Mentor's Commitment & Training Plan (40%); Research Evaluation as Training Vehicle (30%).,,enumerated,https://professional.heart.org/en/research-programs/aha-funding-opportunities/predoctoral-fellowship,high,2026-07-18,unknown,,,,,2026-07-18,2026-07-18,2026-07-18,2026-07-18,"2027 cycle open (deadline Aug 4, 2026); annual RFP. Non-independent, mentor-supervised."
Transformational Project Award,American Heart Association,professional_society,United States,no_stage_restriction,research_grant,research_project,biomedical_health,"Support highly innovative, high-impact projects building on preliminary work that could lead to critical discoveries or major advancements in cardiovascular/cerebrovascular research.",research_stage=exploratory_highrisk (innovation/breakthrough emphasis) though strong preliminary data is required. career_stage=no_stage_restriction per explicit 'no limit' language (confirmed on funder page).,exploratory_highrisk,"$300,000 total ($100,000/yr incl. 10% indirect)",3 years,other,,"Post-baccalaureate doctoral degree (PhD or clinical doctorate); faculty/staff position above trainee/postdoc rank; explicitly NO limit on career stage, academic rank, or discipline; AHA professional member.",none,n/a,TRUE,cardiovascular and cerebrovascular research,individual_direct,No career-stage or prior-funding exclusion (open to all above trainee rank). The submitted project may have no scientific or budgetary overlap with other funded work; concurrent awards permitted only for clearly distinct aims. Requires strong preliminary data. (Confirmed on funder page.),none,Citizen/PR or E-3/F-1/G-4/H-1B/J-1/O-1/TN/DACA.,annual,unspecified,Strength of preliminary data; investigator/environment; significance; methodological rigor; innovation/breakthrough potential; impact on AHA mission.,,enumerated,https://professional.heart.org/en/research-programs/aha-funding-opportunities/transformational-project-award,high,2026-07-18,unknown,,,,,2026-07-18,2026-07-18,2026-07-18,2026-07-18,Next deadline TBA on page; historically annual.
Future of Physics Days (FPD) Meeting/Travel Grants,American Physical Society,professional_society,United States,undergraduate,travel_conference,travel,physical_sciences,Support undergraduate students presenting research at APS March/April meetings.,"confidence=medium retained: the funder's OWN program page is still live and describes the standing undergraduate mechanism, but it renders only prior-cycle (2020/2021) dates and states registration reimbursement rather than a fixed stipend - i.e., un-refreshed page maintenance, not confirmed discontinuation. APS 'Fellowship' proper is an honorary elected distinction (not funding) and is deliberately excluded; this travel grant is the actual APS student funding mechanism.",career_training,meeting registration reimbursed (no fixed dollar amount published),one-time (per meeting),open_any_nationality,,Undergraduate APS member presenting an abstract in the Undergraduate Research category and registered for the APS March or April (Global Physics Summit) meeting; supervisor support letter; meeting volunteer commitment.,none,n/a,TRUE,physics (undergraduate research presentation),individual_direct,No prior-funding exclusion stated; only one meeting grant per faculty advisor.,none,APS membership required (free first-year student membership available); open to any nationality.,annual,one meeting grant per faculty advisor,APS membership + undergraduate status + abstract in Undergraduate Research category + meeting registration + supervisor support letter + volunteer commitment.,,enumerated,https://www.aps.org/meetings/events/futurephysics/travelgrants.cfm,medium,2026-07-18,unknown,,,,,2026-07-18,2026-07-18,2026-07-18,2026-07-18,"APS also offers division/forum travel grants (e.g., DPF, DNP) and identity/international travel awards. March/April meetings now run as the combined Global Physics Summit."
M. Hildred Blewett Fellowship,American Physical Society (APS),professional_society,United States,"reentry, postdoc, early_career_faculty",fellowship,"salary_stipend, research_project, career_development, travel, equipment",physical_sciences,Enables a woman to return to a physics research career after an interruption; provides a one-year grant to help her make the transition back into a professional physics research career.,"One-year, non-renewable grant paid to the recipient's host institution; funds may cover salary, dependent care (capped at 50% of the award), travel, equipment, and tuition/fees; institutional overhead is not allowed. Established from the estate of accelerator physicist M. Hildred Blewett.",career_training,"Up to $45,000 for one year",1 year (non-renewable),other,,Applicant must have had to interrupt her physics research career and must have completed work toward a PhD; no fixed years-since-degree cap - keyed to the career interruption,women,prioritizes,FALSE,,individual_direct,Not specified; the award targets those resuming research after a career interruption and requires demonstrated need to transition back into physics,other,Open to women who have completed work toward a PhD and had to interrupt their physics research careers; must be a U.S. or Canadian citizen or legal/permanent resident (or resident alien eligible to work in the U.S. or Canada); must provide proof of host institutional affiliation for the grant period (affiliation not required at time of application).,annual,unspecified,"Selection committee weighs applicant qualifications, career history/trajectory, feasibility and merit of the proposed research project, likelihood the fellowship enables return to physics, and alignment with long-term career goals (seven stated factors)","A concrete, feasible research plan with a supportive host institution/mentor and a compelling account of the interruption and trajectory back into physics research",enumerated,https://www.aps.org/funding-recognition/fellowship/blewett-fellowship,high,2026-07-18,active,,"Nominations are currently closed; next deadline listed as June 01, 2026. No termination notice.",https://www.aps.org/funding-recognition/fellowship/blewett-fellowship,2026-09-17,2026-07-18,2026-09-17,2026-09-17,2026-07-18,"Active as of the 2026 cycle (recent recipients listed for 2023 and 2024; a June application deadline). Typically one award per year (occasionally more). Paid through the host institution; dependent-care use capped at 50% of the award. CORRECTION 2026-09-17 (P1, F-003): identity_gate_type changed restricted_to -> prioritizes. APS states the fellowship 'is designed for assisting women, but is open to any physicist making a transition back into a professional career'; the eligibility list names citizenship, PhD and institutional proof, not gender."
ASM Student and Postdoctoral Travel Award,American Society for Microbiology,professional_society,United States,"undergraduate, graduate_predoc, postdoc",travel_conference,travel,"life_sciences, biomedical_health",Offset expenses to attend ASM Microbe and present research.,"Used as the current, clearly-sourced ASM trainee mechanism. Amount, 5-per-meeting/15-total count, and 2-year exclusion confirmed verbatim. ASM's Robert D. Watkins Graduate Research Fellowship (historically a PhD fellowship for underrepresented minorities) could not be verified on a current standalone asm.org program page; not logged as a separate row to avoid a low-confidence stub.",career_training,"$1,000 per awardee (plus complimentary registration)",one-time (per meeting),open_any_nationality,,"Current ASM member at time of application (active through the meeting); undergraduate, graduate student, or postdoctoral researcher; unpublished/unpresented abstract required; may not have received an ASM Microbe travel award in the prior 2 years.",none,n/a,TRUE,microbiology,individual_direct,Cannot have received an ASM Microbe travel award in the previous 2 years. (Confirmed on funder page.),none,ASM membership required; no nationality or identity restriction stated.,annual,15 awards total (5 from each of three interconnected meetings),"Selected by the Travel Award Committee on the scientific quality of the submitted abstract (with CV, two nomination letters, and a <=500-word applicant statement).",,enumerated,https://asm.org/travel-award/asm-student-and-postdoctoral-travel-award,high,2026-07-18,unknown,,,,,2026-07-18,2026-07-18,2026-07-18,2026-07-18,"Covers undergrad through postdoc, matching the predoc/postdoc emphasis."
ASME Graduate Teaching Fellowship,American Society of Mechanical Engineers,professional_society,United States,graduate_predoc,fellowship,"salary_stipend, career_development, training",engineering,"Encourage outstanding doctoral candidates toward careers in mechanical-engineering education, particularly women and minorities.","identity_gate_type=prioritizes CONFIRMED against current page: language 'encourage... particularly women and minorities' is encouragement, not an exclusionary gate; program is open to all qualified ME PhD students. Distinct citizenship gate (US citizen/PR) captured in citizenship_residency.",career_training,"$5,000/year",up to 2 years,citizen_national_pr_required,,PhD student in mechanical engineering with demonstrated interest in an academic career; master's degree or passed qualifying exam; department commitment to a lecture-responsibility teaching assistantship (must teach >=1 lecture course with full responsibility); ASME (student) member.,"women, underrepresented_minorities",prioritizes,TRUE,mechanical engineering (preparing future ME/MET faculty),individual_direct,No prior-funding exclusion stated; renewable to a maximum of two years subject to satisfactory progress reports.,none,U.S. citizen or permanent resident required.,annual,unspecified,Undergraduate GPA; CV; two faculty recommendation letters; transcripts; statement of interest in an ME/MET faculty career.,,enumerated,https://www.asme.org/asme-programs/students-and-faculty/fellowships/graduate-teaching-fellowships,high,2026-07-18,active,,"Application Deadline: February 15; fellows listed for 2024, 2025 and 2026.",https://www.asme.org/asme-programs/students-and-faculty/fellowships/graduate-teaching-fellowships,2026-09-17,2026-07-18,2026-09-17,2026-09-17,2026-07-18,Deadline Feb 15 annually; awards in July. Identity re-verified 2026-09-17: encourages candidates 'particularly women and minorities'. prioritizes coding confirmed.
AWIS Opportunity Scholarships for Career Re-entry,Association for Women in Science (AWIS),professional_society,United States,"reentry, transition",career_development_award,"career_development, training",domain_agnostic,"Supports individuals in STEM returning to the workforce after a career interruption; funds may cover job-search fees, technology, commuting, family care, additional education, incubator participation, or start-up costs for a scientific innovation or product.",Small career-re-entry scholarship (not a research grant); requires current AWIS membership. Up to two awards per cycle.,career_training,"$2,500 per award (up to two awards per cycle)",One-time award (no multi-year support period),other,,AWIS member with a bachelor's degree in a STEM-related field who has been out of the workforce for more than one year,women,prioritizes,FALSE,Not topic-restricted (STEM fields broadly),individual_direct,None stated,none,"Requires current AWIS membership; applicant must hold a STEM bachelor's and have been out of the workforce for more than one year. Application includes a professional-goals essay (500-1,500 words) and two recommendations. Citizenship/residency not specified on the funder page.",annual,unspecified,"Reviewed on the professional-goals essay (reasons for exit/re-entry, prior contributions, intended STEM impact, and how the award helps), CV, intended use of funds, and two recommendations",A concrete plan for returning to STEM work and a clear account of how the modest funds unblock re-entry,enumerated,https://awis.org/awis-opportunity-scholarships-career-re-entry/,medium,2026-07-18,active,,The 2026 scholarship cycle is now closed. Page invites sign-up to 'Get Notified for 2027'.,https://awis.org/awis-opportunity-scholarships-career-re-entry/,2026-09-17,2026-07-18,2026-09-17,2026-09-17,2026-07-18,"Standing annual program; the 2026 cycle was closed at the checked date with the 2027 cycle upcoming. Career-re-entry scholarship (not a research grant); up to two $2,500 awards per cycle; requires AWIS membership."
IEEE Electron Devices Society (EDS) PhD Student Fellowship,IEEE,professional_society,United States,graduate_predoc,fellowship,"salary_stipend, training",engineering,"Promote, recognize and support PhD-level study and research within the EDS field of interest.","submission_path=institutional_nomination_limited because only one candidate per institution may be put forward each year (de facto limited submission), plus required EDS-member sponsor. Representative IEEE society graduate fellowship. Award, regional distribution, and one-per-institution rule confirmed verbatim.",career_training,"US$5,000 (plus travel/accommodation to IEDM if needed)",1 year (one-time),open_any_nationality,,IEEE EDS student member (at time of nomination) pursuing a full-time doctorate within EDS fields; must continue at the same institution with the same advisor for 12 months after the award; sponsor must be an IEEE EDS member.,none,n/a,TRUE,electron devices (EDS field of interest),institutional_nomination_limited,Previous award winners ineligible; cannot be awarded for the same work previously recognized by an IEEE Technical Field Award or Medal. (Confirmed on funder page.),none,Global program with regional distribution; any nationality.,annual,"~3 fellowships/year (one per region: Americas, EMEA, Asia-Pacific); max one candidate per institution",Significant ability to perform independent research in electron devices; proven history of academic excellence.,,enumerated,https://eds.ieee.org/education/student-fellowships/phd-student-fellowship,high,2026-07-18,unknown,,,,,2026-07-18,2026-07-18,2026-07-18,2026-07-18,"IEEE has many society-specific fellowships (e.g., MTT-S, EDS, I&M); this EDS award is used as the representative predoctoral mechanism."
Neuroscience Scholars Program (NSP),Society for Neuroscience,professional_society,United States,"graduate_predoc, postdoc",fellowship,"training, career_development, community",biomedical_health,"Support graduate students and postdoctoral researchers with career enhancement, mentoring, and community building in neuroscience.","SFFA-sensitive: NSP historically served trainees from underrepresented/disadvantaged backgrounds, but the CURRENT page (verified) explicitly states it is 'now open to all trainees meeting the eligibility criteria' in accordance with updated U.S. federal guidance - so identity_targeting recorded as 'none'/n/a per the page as of the check, NOT the historical restricted status. Up-to-16 Fellows, 2-year term, and $1,500 enrichment confirmed.",career_training,"up to $1,500 enrichment funds + annual SfN meeting travel awards (both years) + 2 years complimentary SfN membership + mentoring team",2 years,citizen_national_pr_required,,Enrolled in a graduate degree-granting program or a postdoctoral fellowship; U.S. citizen.,none,n/a,TRUE,neuroscience,individual_direct,unspecified,none,Current page states U.S. citizens only.,annual,up to 16 Fellows selected (Associates: all eligible applicants),unspecified (application-based selection into Fellow vs. Associate tiers).,,enumerated,https://www.sfn.org/initiatives/community/neuroscience-scholars-program,high,2026-07-18,unknown,,,,,2026-07-18,2026-07-18,2026-07-18,2026-07-18,Two-tier program (Fellows receive monetary/travel benefits; Associates receive online mentoring/community).
Sloan Research Fellowships,Alfred P. Sloan Foundation,private_foundation,United States,early_career_faculty,fellowship,research_project,"physical_sciences, computing_math, life_sciences, social_sciences",Support early-career researchers whose achievements mark them as among the most promising scientific researchers.,submission_path=institutional_nomination_limited because a senior-researcher nomination is mandatory (self-nomination not accepted) and nominations are capped at 3 per department per field; it is not a single-slot per-institution cap (clarified in eligibility_notes).,exploratory_highrisk,"$75,000 over 2 years (flexible/unrestricted, paid as lump sum)",2 years,host_country_institution_required,,Early-career faculty; tenure-track but untenured as of Sept 15 of the nomination year; hold a PhD (or equivalent); typically several years past the PhD,none,n/a,FALSE,,institutional_nomination_limited,"no (eligibility is tenure-status-based, not prior-funding-based)",us_institution,"Eligible fields (8): chemistry, computer science, Earth system science, economics, mathematics, neuroscience, physics (and related). US/Canada degree-granting institution with a regular teaching obligation. A nomination letter from a department head/senior researcher is mandatory (self-nomination not accepted). Verified 2026-07-18: a department may nominate more than one candidate per field but no more than three - i.e., nomination-required with a soft per-department cap, not a single-slot limited submission.",annual,unspecified,"Independent research accomplishments, creativity, and potential to become a leader in the field",,enumerated,https://sloan.org/fellowships/,high,2026-07-18,unknown,,,,,2026-07-18,2026-07-18,2026-07-18,2026-07-18,
AAUW Career Development Grants,American Association of University Women (AAUW),private_foundation,United States,"reentry, transition",career_development_award,"training, career_development",domain_agnostic,"Funds women who already hold a college degree and are seeking to enter, re-enter, transition into, or advance in the workforce - supporting certificate or training programs, especially in fields where women are underrepresented (e.g., STEM and executive leadership).","Career/education grant (not a research-project grant): supports tuition, fees, books, and related costs for coursework, certificate, or professional-development programs; does not fund degree/PhD coursework. Prioritizes women earning their first advanced credential and those in nontraditional fields; special consideration for women of color.",career_training,"Up to about $8,000 per grant (recent cycle)","About 1 year (recent cycle project start dates Sep 1 - Dec 30, 2026)",citizen_national_pr_required,,"Women who earned their qualifying college degree and are pursuing additional education/training to enter, re-enter, or advance in the workforce; typically those without a prior graduate/professional degree in the intended field","women, underrepresented_minorities",restricted_to,FALSE,Not topic-restricted (prioritizes STEM and executive/leadership fields where women are underrepresented),individual_direct,"Generally not intended for applicants who already hold a graduate/professional degree in the field of study; does not fund degree-program (e.g., PhD) coursework",none,"Applicants must be women who are U.S. citizens or permanent residents holding a prior college degree; funds support non-degree certificate/training and professional development to enter, re-enter, or advance in the workforce. Special consideration for women of color and women pursuing credentials in nontraditional fields.",annual,unspecified,"Merit review of the applicant's career-development plan, financial need, likelihood of workforce impact, and alignment with AAUW's mission to advance women, with special-consideration criteria for underrepresented applicants","A clear, realistic plan tying the training to a concrete re-entry or advancement outcome; demonstrated need; fields where women are underrepresented",enumerated,https://www.aauw.org/resources/programs/career-development-grants/,medium,2026-07-18,active,,"Applications for Winter/Spring 2027 open August 18, 2026; Summer/Fall 2027 open January 27, 2027.",https://www.aauw.org/resources/programs/career-development-grants/,2026-09-17,2026-07-18,2026-09-17,2026-09-17,2026-07-18,"Active for 2026-2027 (multiple application rounds Aug 2025 - May 2026; project start Sep 1 - Dec 30, 2026). This is a career-development/education grant for women re-entering or advancing in the workforce rather than a research-project grant; included as the private-foundation re-entry option. AAUW is a national nonprofit membership/philanthropic organization (could alternatively be coded professional_society). Identity gate re-verified 2026-09-17: 'Applicants must identify as a woman.' restricted_to confirmed."
Beckman Young Investigator (BYI) Program,Arnold and Mabel Beckman Foundation,private_foundation,United States,early_career_faculty,research_grant,"research_project, equipment","physical_sciences, life_sciences","Support early-career faculty pursuing creative research that opens new avenues in chemistry and the life sciences through new methods, instruments and materials.","institution_type_restriction=nonprofit_only per the explicit 501(c)(3) requirement (government labs excluded). Prior-funding cap ($225k), 10-year post-PhD limit, and citizenship requirement all confirmed on the funder page 2026-07-18.",exploratory_highrisk,"~$600,000 over 4 years ($150,000/yr)",4 years,citizen_national_pr_required,10,Within the first 4 years of a tenure-track (or equivalent) faculty appointment with an active independent lab; no more than 10 years post-PhD (or MD/MD-PhD residency completed within 10 yrs),none,n/a,FALSE,,individual_direct,"yes: applicants may hold no more than $225,000 in direct annualized external grant funding at application/year 1; start-up funds, departmental instrumentation grants, and transition grants (e.g., NIH K99/R00) are excluded from that cap (verified 2026-07-18)",nonprofit_only,US citizenship or permanent residency required by the interview stage (pending-PR eligible at LOI). Must be at a US 501(c)(3) or similar nonprofit institution; government labs (including NIH and national labs) are ineligible.,annual,unspecified,"Innovative, high-risk research in chemistry and the life sciences, especially inventing new methods, instruments and materials",,enumerated,https://www.beckman-foundation.org/programs/beckman-young-investigator/,high,2026-07-18,unknown,,,,,2026-07-18,2026-07-18,2026-07-18,2026-07-18,
Career Award at the Scientific Interface (CASI),Burroughs Wellcome Fund,private_foundation,United States,"postdoc, transition",career_development_award,"career_development, research_project, salary_stipend","biomedical_health, physical_sciences, computing_math",Foster the early career development of researchers with physical/mathematical/computational backgrounds whose work addresses biological questions.,"Transition award spanning postdoc-to-faculty; discipline-interface eligibility (not a disease topic), so topic_restricted=false. Domain spans physical_sciences/computing_math applied to biomedical. Prior-funding exclusion expanded 2026-07-18 to include NIH K99/R00 and other postdoc-to-faculty transition awards.",career_training,"$560,000 over 5 years",5 years (advanced postdoc + first 3 years of faculty service),host_country_institution_required,5,At least 12 but no more than 60 months (5 yrs) of postdoctoral research experience since the PhD; not yet holding a tenure-track faculty appointment,none,n/a,FALSE,,individual_direct,"yes: ineligible if you currently hold or have accepted (verbally or in writing) a tenure-track faculty appointment; ineligible if holding an NIH K99/R00 or another postdoc-to-faculty transition award (e.g., HHMI Hanna Gray Fellowship) (verified 2026-07-18 on the funder page); cannot concurrently hold another BWF award",us_institution,"Requires a PhD in mathematics, physics, chemistry, computer science, statistics, or engineering applied to biological questions. Open to US/Canada citizens, permanent residents, or temporary residents with a valid US/Canada visa. At least one first-author publication required. Direct application via ProposalCentral (LOI then full application).",annual,unspecified,Interdisciplinary research bridging physical/mathematical/computational sciences with biology; potential of the investigator,,enumerated,https://www.bwfund.org/funding-opportunities/career-awards-at-the-scientific-interface/,high,2026-07-18,unknown,,,,,2026-07-18,2026-07-18,2026-07-18,2026-07-18,
Career Awards for Medical Scientists (CAMS),Burroughs Wellcome Fund,private_foundation,United States,"postdoc, transition, physician_scientist",career_development_award,"career_development, salary_stipend, research_project",biomedical_health,Bridge advanced postdoctoral/fellowship training and the early faculty years to support physician-scientists committed to research careers.,Physician-scientist transition/bridge award -> career_development_award; career_stage flags physician_scientist and transition. $700k/5yr and prior-funding set confirmed 2026-07-18.,career_training,"$700,000 over 5 years",5 years (up to 2 years postdoc + faculty phase),host_country_institution_required,,"Physician-scientists (MD, DO, or equivalent clinical degree) in advanced postdoctoral/fellowship training transitioning to early faculty; tenure-track assistant professors are ineligible",none,n/a,FALSE,,individual_direct,"yes: NIH K99/R00 and Early Independence (DP5) awardees ineligible, and CAMS funds cannot be received concurrently with a K99 or DP5; K08/K12/K21/K23 awardees remain eligible (verified 2026-07-18 on the funder FAQ)",us_institution,"PhD-only, PharmD, and PharmD/PhD applicants are ineligible (CASI is the analog for physical-science PhDs). Based at a US/Canada institution; clinical degree may be from any country. No nomination required but institutional approval is required. Requires >=75% research effort (may be negotiated if awarded).",annual,~12% success rate (funder-reported historical),Physician-scientist's research potential and commitment to an academic research career (>=75% research effort),,enumerated,https://www.bwfund.org/grants/biomedical-sciences/career-awards-for-medical-scientists/,high,2026-07-18,unknown,,,,,2026-07-18,2026-07-18,2026-07-18,2026-07-18,
Investigators in the Pathogenesis of Infectious Disease (PATH),Burroughs Wellcome Fund,private_foundation,United States,early_career_faculty,research_grant,research_project,"biomedical_health, life_sciences",Support early-career investigators studying the fundamental mechanisms of infectious disease pathogenesis.,"Research grant to early-career faculty in a defined disease area (topic_restricted=true). research_stage=exploratory_highrisk reflects BWF's emphasis on bold, multidisciplinary approaches by assistant professors.",exploratory_highrisk,"$505,000 over 5 years",5 years,host_country_institution_required,,Assistant professors (early independent faculty) bringing multidisciplinary approaches to human infectious disease pathogenesis,none,n/a,TRUE,Pathogenesis of infectious disease / host-pathogen interactions,individual_direct,unspecified,us_institution,US/Canada institution. Direct application via ProposalCentral (LOI then invited full proposal). $505k/5yr and assistant-professor eligibility confirmed 2026-07-18.,annual,unspecified,"Creative, multidisciplinary research illuminating the fundamentals of human-pathogen interactions (colonization, infection, commensalism)",,enumerated,https://www.bwfund.org/grants/infectious-diseases/investigators-in-the-pathogenesis-of-infectious-disease/,high,2026-07-18,unknown,,,,,2026-07-18,2026-07-18,2026-07-18,2026-07-18,
Postdoctoral Enrichment Program (PDEP),Burroughs Wellcome Fund,private_foundation,United States,postdoc,career_development_award,"career_development, training","biomedical_health, life_sciences","Support the career development and retention of postdoctoral fellows who advance diversity, equity and inclusion in the biomedical/STEM workforce.","Career-development/enrichment supplement (not a primary stipend) -> career_development_award. identity_gate_type=prioritizes: the former race/ethnicity restriction was replaced post-SFFA by a commitment-to-equal-access criterion any applicant can meet, while the criterion still explicitly references membership in underrepresented groups. $60k/3yr and 48-month/5-year windows confirmed 2026-07-18. Partners with Charles H. Revson Foundation for up to 5 NY-metro fellowships.",career_training,"$60,000 over 3 years (career development activities)",3 years,citizen_national_pr_required,5,No more than 48 months of postdoctoral experience and no more than 5 years from the PhD at application; in a mentored postdoc at a US/Canada degree-granting institution,underrepresented_minorities,prioritizes,FALSE,,individual_direct,unspecified,us_institution,"Applicants must be citizens of the US or Canada at the deadline. POST-SFFA (verified 2026-07-18 on the funder page): eligibility is COMMITMENT-BASED and open to all - applicants must have demonstrated a commitment to promoting equal access and opportunity in science, 'which may be informed by membership in groups historically underrepresented in the sciences, first-generation college students and those from disadvantaged socioeconomic backgrounds.' Program renamed from 'Postdoctoral Diversity Enrichment Program.'",annual,unspecified,Demonstrated commitment to promoting equal access and opportunity in science; strength of the career development/research plan,,enumerated,https://www.bwfund.org/grants/diversity-in-science/postdoctoral-enrichment-program/,high,2026-07-18,active,,"Programme page current and lists an application cycle ('Status: Not Open to Applications', deadline Jan 20, 2026); no termination notice. Closed cycle, not a wind-down.",https://www.bwfund.org/grants/diversity-in-science/postdoctoral-enrichment-program/,2026-09-17,2026-07-18,2026-09-17,2026-09-17,2026-07-18,Identity targeting re-verified 2026-09-17: supports 'underrepresented postdoctoral fellows'. Coding confirmed.
Damon Runyon Clinical Investigator Award,Damon Runyon Cancer Research Foundation,private_foundation,United States,"early_career_faculty, physician_scientist",career_development_award,"research_project, salary_stipend, career_development",biomedical_health,Support early-career physician-scientists conducting patient-oriented cancer research to bridge to research independence.,"Early-career physician-scientist bridge award with salary support -> career_development_award; distinct from the postdoctoral Damon Runyon Fellowship. Amounts ($600k/3yr, $200k/yr, up to $130k salary) and expanded R01/R01-equivalent exclusion confirmed 2026-07-18.",career_training,"$600,000 over 3 years ($200,000/yr; salary support up to $130,000/yr)",3 years,host_country_institution_required,,"Physician-scientists within the first 4 years of an independent Assistant Professor (or equivalent) appointment at a US institution; MD, DO, or MD/PhD with completed subspecialty training and US board eligibility",none,n/a,TRUE,Cancer (patient-oriented/clinical investigation),individual_direct,"yes: ineligible if holding or awarded an R01 or R01-equivalent grant (e.g., DP2, DP5) at application (verified 2026-07-18); NIH/DoD/VA physician-scientist career development (K-type) awards are permitted concurrently, but concurrent private-foundation mentored awards are not",us_institution,"Requires a valid, active US medical license at application; US institution; funds exclude indirect costs/overhead. Instructor/adjunct/acting positions ineligible.",annual,unspecified,"Disease-oriented, patient-focused cancer research aimed at improving the practice of cancer medicine; investigator potential",,enumerated,https://www.damonrunyon.org/for-scientists/application-guidelines/clinical-investigator,high,2026-07-18,unknown,,,,,2026-07-18,2026-07-18,2026-07-18,2026-07-18,
Damon Runyon Fellowship Award,Damon Runyon Cancer Research Foundation,private_foundation,United States,"postdoc, physician_scientist",fellowship,"salary_stipend, training","biomedical_health, life_sciences",Support exceptionally promising postdoctoral scientists conducting cancer research under an established mentor.,years_since_degree_max left null because the basic-scientist cap is 18 months and the physician-scientist track keys off training completion rather than a clean integer-year degree cap; both captured in eligibility_window. Stipend ($70k-$76k escalating) and K-award exclusion confirmed 2026-07-18.,career_training,"$70,000-$76,000/yr stipend (escalating by year) + $2,000/yr expense allowance",Up to 4 years,host_country_institution_required,,Postdoctoral trainees; basic scientists no more than 18 months past the terminal degree and <=1 year in the sponsor's lab at the deadline; physician-scientists must have completed clinical training and be US board eligible at start,none,n/a,TRUE,Cancer research (all theoretical and experimental research relevant to cancer),individual_direct,yes: candidates holding or awarded NIH K awards at application are ineligible (institutional K12 must be relinquished if awarded); may not have already accepted another postdoctoral fellowship award; a T32 may be held at application but not concurrently with the Damon Runyon award; cannot pursue additional degrees during the fellowship (verified 2026-07-18),us_institution,"Accepted degrees: MD, PhD, MD/PhD, DDS, DVM, DO. Foreign candidates may apply only to do their research in the US. Requires a Sponsor (tenured/tenure-track mentor). Two application cycles per year (cadence recorded as annual/recurring; enum lacks semiannual).",annual,unspecified,Quality and creativity of the research proposal and the applicant; strength of the sponsor and training environment,,enumerated,https://www.damonrunyon.org/for-scientists/application-guidelines/fellowship,high,2026-07-18,unknown,,,,,2026-07-18,2026-07-18,2026-07-18,2026-07-18,
Packard Fellowships for Science and Engineering,David and Lucile Packard Foundation,private_foundation,United States,early_career_faculty,fellowship,research_project,"physical_sciences, life_sciences, engineering, computing_math","Provide flexible funding to early-career scientists and engineers to pursue their most innovative, high-risk ideas.","Limited submission via 50 invited (US) institutions -> institutional_nomination_limited. $875,000/5yr and 20 Fellows/50 institutions confirmed verbatim on the funder page 2026-07-18.",exploratory_highrisk,"$875,000 over 5 years",5 years,host_country_institution_required,,Within the first three years of their faculty career; eligible to serve as a principal investigator,none,n/a,FALSE,,institutional_nomination_limited,unspecified,us_institution,"Eligible disciplines: physics, chemistry, mathematics, biology, astronomy, computer science, earth science, ocean science, and all branches of engineering. Excludes social sciences, clinical research, research needing large national facilities, and national-security-relevant applied research. Only faculty at the 50 Invited Institutions may be nominated.",annual,20 Fellows/year selected from 50 invited institutions (confirmed on funder page 2026-07-18),"Foundation weights creativity and promise of early-career faculty for innovative, high-risk research",,enumerated,https://www.packard.org/approach/fellowships-for-science-engineering/eligibility/,high,2026-07-18,unknown,,,,,2026-07-18,2026-07-18,2026-07-18,2026-07-18,
Klingenstein Fellowship Awards in the Neurosciences (formerly Klingenstein-Simons),Esther A. & Joseph Klingenstein Fund,private_foundation,United States,early_career_faculty,fellowship,"research_project, salary_stipend","biomedical_health, life_sciences",Support promising early-career neuroscientists pursuing bold basic or clinical neuroscience research.,Task listed this as 'Klingenstein-Simons'; verified 2026-07-18 that the Simons partnership is no longer referenced on the funder page. Current award confirmed as $150k/yr x3 = $450k on the funder's applying page.,exploratory_highrisk,"$150,000/yr for 3 years ($450,000 total)",3 years,host_country_institution_required,,Early-career independent investigators with a primary tenure-track appointment at a US institution; maximum 4 years between completion of the last postdoc and the application deadline,none,n/a,TRUE,Neuroscience (basic or clinical),individual_direct,no strict prohibition; applicants must disclose other funding sources,us_institution,US institution; PhD and/or MD; must be an independent investigator. Verified 2026-07-18: the current standing program is the Klingenstein-only 'Klingenstein Fellowship Awards in the Neurosciences' - the funder's applying page makes no mention of a Simons partnership (the 2013-2024 Klingenstein-Simons collaboration has ended).,annual,unspecified,"Innovative early-career neuroscience research across cellular/molecular, neural-systems, or translational areas",,enumerated,https://klingenstein.org/esther-a-joseph-klingenstein-fund/neuroscience/applying/,high,2026-07-18,unknown,,,,,2026-07-18,2026-07-18,2026-07-18,2026-07-18,
HHMI Freeman Hrabowski Scholars Program,Howard Hughes Medical Institute (HHMI),private_foundation,United States,early_career_faculty,career_development_award,"salary_stipend, research_project, career_development","biomedical_health, life_sciences","Support early-career faculty who are scientific leaders committed to inclusive lab environments; named for Freeman Hrabowski, a champion of diversity in STEM.",career_development_award reflects early-career faculty support plus a required leadership/mentoring component. identity_gate_type=prioritizes retained on mission/selection grounds ('inclusive lab leadership' is a stated selection criterion + diversity namesake); current ELIGIBILITY is open/identity-neutral post-SFFA (borderline - eligibility alone reads as none).,career_training,Full HHMI salary + benefits (HHMI employee) + generous annual research budget (no fixed dollar figure published),"5-year initial term, renewable for a second 5 years after midpoint review",host_country_institution_required,,"No more than 7 years directing a lab / since first independent tenure-track appointment (Dec 15, 2019-Dec 15, 2026 window); holds or has accepted a tenure-track faculty position starting by May 1, 2028",underrepresented_minorities,prioritizes,FALSE,,individual_direct,unspecified,us_institution,"Basic biological/biomedical sciences at an HHMI-eligible US institution; US work authorization required (visa sponsorship available). POST-SFFA (verified 2026-07-18 on hhmi.org/programs/freeman-hrabowski-scholars): eligibility is identity-neutral - 'We encourage applications from individuals of all backgrounds, experiences, and perspectives.' No race/ethnicity gate; the diversity orientation now lives in the namesake mission and the 'inclusive lab leadership' selection criterion rather than in eligibility.",biennial,unspecified,"Scientific excellence and potential to be models of inclusive lab leadership ('people, not projects')",,enumerated,https://www.hhmi.org/programs/freeman-hrabowski-scholars,high,2026-07-18,active,,"Applications ... are submitted electronically through the HHMI Application and Review Channel (ARC), which opens November 3, 2026.",https://www.hhmi.org/programs/freeman-hrabowski-scholars,2026-09-17,2026-07-18,2026-09-17,2026-09-17,2026-07-18,"Serves as the faculty phase for Hanna Gray Fellows. 2028 competition opens Nov 3, 2026."
HHMI Gilliam Fellowships for Advanced Study,Howard Hughes Medical Institute (HHMI),private_foundation,United States,graduate_predoc,fellowship,"salary_stipend, training","biomedical_health, life_sciences","Support PhD students and their advisors to build a more inclusive, excellent scientific community.","Student-advisor pair structure; funds the student. identity_gate_type=prioritizes: inclusion is an explicit CURRENT selection value ('advancing excellence and inclusion in science') and the program historically emphasized URM PhD students, though eligibility itself is open. Direct application via HHMI ARC; no institutional nomination -> submission_path=individual_direct.",career_training,Annual stipend plus discretionary and institutional (tuition/fee) allowances (exact stipend not stated on current page),Up to 3 years of PhD support (optional additional years as a Gilliam Postdoc Fellow),host_country_institution_required,,"2nd or 3rd year PhD students (as of Oct 27, 2026) with at least 2 full years of PhD study remaining; applies as a student-PhD-advisor (mentor-mentee) pair",underrepresented_minorities,prioritizes,FALSE,,individual_direct,unspecified,us_institution,"Basic biological/biomedical sciences at an HHMI-eligible US institution. Open to US citizens, permanent residents, DACA recipients, or international students eligible to receive funding from their US grad institution. Applies jointly with the faculty PhD advisor (mentor-mentee pair). POST-SFFA (verified 2026-07-18 on hhmi.org/programs/gilliam-fellows): 'We encourage applications from individuals of all backgrounds' - no race/ethnicity eligibility restriction; 'advancing excellence and inclusion in science' is retained as an explicit selection value.",annual,unspecified,"Research promise, commitment to a scientific career, leadership potential, and advancing excellence and inclusion in science",,enumerated,https://www.hhmi.org/programs/gilliam-fellows,high,2026-07-18,active,,"Applications Close: Tuesday, October 27, 2026 at 11:59 PM ET.",https://www.hhmi.org/programs/gilliam-fellows,2026-09-17,2026-07-18,2026-09-17,2026-09-17,2026-07-18,
HHMI Hanna H. Gray Fellows Program,Howard Hughes Medical Institute (HHMI),private_foundation,United States,"postdoc, transition",fellowship,"salary_stipend, career_development, research_project","biomedical_health, life_sciences","Support outstanding early-career scientists through the postdoc-to-faculty transition and build a more diverse, excellent scientific community.","identity_gate_type=prioritizes retained on MISSION grounds (stated purpose to build a more diverse scientific community; pairing with the diversity-oriented Freeman Hrabowski faculty phase). Current ELIGIBILITY is fully open/identity-neutral post-SFFA - a borderline call, since eligibility alone would read as 'none'. Cadence biennial per program page (2028 competition opens Nov 3, 2026).",career_training,Salary/stipend commensurate with postdoc experience + additional support (postdoc phase); faculty-phase support delivered via the Freeman Hrabowski Scholars Program (no fixed dollar figure published),"Up to 2 years (postdoc phase), then transitions to faculty phase",host_country_institution_required,,"No more than 7 years of postdoctoral experience (as of Dec 15, 2026); holds a PhD and/or MD; transitioning toward a first independent tenure-track faculty position",underrepresented_minorities,prioritizes,FALSE,,individual_direct,unspecified,us_institution,"Must have (or be eligible to obtain) US work authorization and be at an HHMI-eligible US institution; visa sponsorship available. POST-SFFA (verified 2026-07-18 on hhmi.org/programs/hanna-h-gray-fellows): eligibility is identity-neutral - current page states 'HHMI seeks a broad applicant pool. We encourage applications from individuals of all backgrounds, experiences, and perspectives, including from institutions not previously affiliated with HHMI.' The explicit pre-2024 emphasis on groups underrepresented in biomedical research has been removed from the eligibility text; the diversity orientation now persists only in the program's stated purpose.",biennial,unspecified,"Scientific promise and creativity of the individual and potential to become an independent faculty leader ('people, not projects')",,enumerated,https://www.hhmi.org/programs/hanna-h-gray-fellows,high,2026-07-18,active,,"Applications to the Hanna H. Gray Fellows Program are submitted through HHMI's Application and Review Channel (ARC) site, which opens November 3, 2026.",https://www.hhmi.org/programs/hanna-h-gray-fellows,2026-09-17,2026-07-18,2026-09-17,2026-09-17,2026-07-18,Faculty phase is the Freeman Hrabowski Scholars Program.
HHMI Investigator Program,Howard Hughes Medical Institute (HHMI),private_foundation,United States,"midcareer, senior_established",research_grant,"research_project, salary_stipend","biomedical_health, life_sciences","Provide long-term, flexible support to exceptional investigators to pursue bold, high-risk basic biomedical research.","Classified research_grant (flexible long-term investigator support) rather than career_development_award because it targets established mid/senior investigators. Foundation review weights individual trajectory/creativity over a defined project. Award value is salary-based (no fixed grant figure), confirmed 2026-07-18 on the funder page.",exploratory_highrisk,Full HHMI salary + benefits + research and capital-equipment support (multi-million over term; no fixed dollar figure published),"7-year appointment, renewable indefinitely with review",host_country_institution_required,,Mid-career/senior faculty with at least 7 years as an independent lab head; no upper career-stage limit,none,n/a,FALSE,,individual_direct,no,us_institution,"Must be at an HHMI-eligible US research institution; Investigators become HHMI employees. No explicit citizenship requirement stated. Verified 2026-07-18: standing program, next competition opens Sept 28, 2027 (~5-year cycle); page notes recently expanded eligibility.",irregular,unspecified,"Selects for individual scientific creativity, originality and potential for transformative long-term research; HHMI funds 'people, not projects'",,enumerated,https://www.hhmi.org/programs/investigators,high,2026-07-18,unknown,,,,,2026-07-18,2026-07-18,2026-07-18,2026-07-18,"Standing flagship program. HHMI has run periodic special/limited competitions but the durable mechanism is the ~5-yearly Investigator competition (next opens Sept 28, 2027)."
Searle Scholars Program,Kinship Foundation (Searle Scholars Program),private_foundation,United States,early_career_faculty,research_grant,research_project,"biomedical_health, life_sciences, physical_sciences",Support the independent research of exceptional early-career scientists in the biomedical and chemical sciences.,"Sourced from searlescholars.org (the .net domain serves unrelated spam and must not be cited). Verified 2026-07-18: $450,000 over 3 years ($150k/yr) and 15 new awards/year confirmed verbatim on the funder's award-information page.",exploratory_highrisk,"$450,000 over 3 years ($150,000/yr, equal sums each year)",3 years,host_country_institution_required,,"Assistant professors who began their first tenure-track (or nearest-equivalent) independent appointment on or after ~May 1 of the year before the cycle (e.g., on/after May 1, 2025 for the current cycle)",none,n/a,FALSE,,institutional_nomination_limited,no (must be first tenure-track/independent appointment; a prior independent-investigator appointment disqualifies),us_institution,"Fields: biochemistry, cell biology, genetics, immunology, neuroscience, pharmacology, and related areas of chemistry, medicine and the biological sciences. Restricted to candidates nominated by participating institutions (non-nominated individuals cannot apply). NOTE: official site is searlescholars.org - searlescholars.net is an unaffiliated squatter/spam domain.",annual,15 new awards/year,Creativity and potential of the young investigator; promise of high-impact research,,enumerated,https://searlescholars.org/application-information/award-information/process-and-eligibility/,high,2026-07-18,unknown,,,,,2026-07-18,2026-07-18,2026-07-18,2026-07-18,
McKnight Scholar Award,McKnight Endowment Fund for Neuroscience,private_foundation,United States,early_career_faculty,research_grant,research_project,"biomedical_health, life_sciences","Support neuroscientists early in their independent careers pursuing innovative research (historically emphasizing learning, memory and brain function).","institution_type_restriction=nonprofit_only per 'independent investigators at not-for-profit research institutions in the United States.' $225,000 total ($75k/yr x3) and up to 10 scholars/year confirmed verbatim on the funder's scholar-awards page 2026-07-18. Source_url updated to the scholar-awards landing page (which carries the award amount).",exploratory_highrisk,"$225,000 over 3 years ($75,000/yr, equal installments)",3 years,host_country_institution_required,,"Independent investigators who have served at the rank of Assistant Professor for less than 5 years at the deadline (e.g., not appointed before Dec 1, 2021 for the 2026 cycle); early in establishing an independent lab",none,n/a,TRUE,Neuroscience,individual_direct,unspecified,nonprofit_only,Must be an independent investigator at a US not-for-profit research institution. An applicant may compete in at most two rounds during their career. Direct application (no LOI or nomination); reference letters requested after submission. Verified 2026-07-18.,annual,up to 10 scholars/year (~20 finalists invited to interview),"Ability to solve significant problems in neuroscience; innovative and impactful research directions; commitment to an equitable, inclusive lab",,enumerated,https://www.mcknight.org/programs/the-mcknight-endowment-fund-for-neuroscience/scholar-awards/,high,2026-07-18,unknown,,,,,2026-07-18,2026-07-18,2026-07-18,2026-07-18,
Cottrell Scholar Award,Research Corporation for Science Advancement,private_foundation,United States,early_career_faculty,research_grant,"research_project, community","physical_sciences, life_sciences",Develop outstanding early-career teacher-scholars who excel at both research and undergraduate science education.,Distinctive dual research + education 'teacher-scholar' model -> research_stage=career_training and purpose includes community (science-education leadership). $120k/3yr and third-year eligibility confirmed 2026-07-18.,career_training,"$120,000 over 3 years",3 years,host_country_institution_required,,"Early-career tenure-track faculty in the third year of their first tenure-track appointment (e.g., started in calendar year 2023 for the 2026 cycle); no prior tenure-track experience",none,n/a,FALSE,,individual_direct,no (must be in the third year of a first tenure-track appointment; prior tenure-track experience disqualifies),us_institution,"Primary or courtesy appointment in chemistry, physics or astronomy departments (also biochemistry/biophysics) that offer bachelor's/graduate degrees, at US/Canada research universities or primarily undergraduate institutions. Excludes schools of medicine and engineering (unless a joint/courtesy appointment in an eligible department). Verified 2026-07-18.",annual,unspecified,"Integrated quality of the research plan and the education/undergraduate-teaching plan (teacher-scholar model), plus academic citizenship",,enumerated,https://rescorp.org/cottrell-scholars/cottrell-scholar-award/,high,2026-07-18,unknown,,,,,2026-07-18,2026-07-18,2026-07-18,2026-07-18,
Junior Fellows of the Simons Society of Fellows,Simons Foundation,private_foundation,United States,postdoc,fellowship,"salary_stipend, training","computing_math, physical_sciences, life_sciences, engineering",Support outstanding early-career postdoctoral scientists pursuing independent research within a NYC-based interdisciplinary scholarly community.,"Active Simons Foundation postdoctoral mechanism; accepting 2027 nominations (verified 2026-07-18; stipend $102,799 for 2027/28 + $10,000 research allowance). Geographic restriction (NYC host institution) and mandatory senior-scientist nomination captured in eligibility_notes/submission_path. Status of the separate Simons Investigators program was not re-verified this cycle.",career_training,"~$102,799/yr stipend (2027/28) + $10,000 research allowance (3% annual increase; host institution receives 20% indirect)",Up to 3 years,host_country_institution_required,,"Early-postdoctoral fellows who fulfilled PhD requirements within ~2 years of the fellowship start (e.g., PhD May 2025-Aug 2027 for the 2027 cohort); cannot concurrently hold another fellowship or a tenure-track appointment",none,n/a,FALSE,,institutional_nomination_limited,yes: cannot be held concurrently with another fellowship or a tenure-track faculty appointment,us_institution,"Host institution must be an educational institution in New York City (Manhattan, Brooklyn, Queens, Staten Island, or the Bronx). Requires nomination by a tenured/equivalent senior scientist (no self-nomination). No citizenship restriction stated. Verified 2026-07-18: program active and accepting 2027 nominations (close Sept 10, 2026).",annual,~15 Junior Fellows/year,Scientific excellence and creativity of early-postdoctoral researchers across STEM,,enumerated,https://www.simonsfoundation.org/grant/simons-society-of-fellows-nominations/,high,2026-07-18,unknown,,,,,2026-07-18,2026-07-18,2026-07-18,2026-07-18,Requires a senior-scientist nominator; NYC host-institution geographic gate.
Pew Latin American Fellows Program in the Biomedical Sciences,The Pew Charitable Trusts,private_foundation,United States,postdoc,fellowship,"salary_stipend, training, career_development","biomedical_health, life_sciences",Enable young Latin American scientists to train in leading US labs and return to establish research careers in Latin America.,"The Latin-America-origin + return-mobility requirement is a citizenship/geographic criterion, not a demographic identity gate, so identity_targeting=none / identity_gate_type=n/a. Confidence medium: amounts and windows not confirmable on the funder's own project page (directs to a separate FAQ).",career_training,"$30,000/yr for 2 years (postdoc stipend supplement) + a return award (~$70,000) for establishing an independent lab in Latin America (est.; not published on funder page)",2 years (postdoc) plus a return/independent-lab award,other,6,PhD or MD completed no earlier than ~June 2021 and by ~Feb 2027 (roughly <=6 yrs); postdoctoral training in a US sponsor's lab; commitment to return to Latin America,none,n/a,FALSE,,institutional_nomination_limited,unspecified,us_institution,"Nationality/geographic gate (captured in citizenship_residency=other): applicants must have earned their doctorate at a Latin American institution and commit to returning to build a research career in Latin America; postdoc must be hosted by a US PI sponsor who is not the applicant's PhD advisor. Verified 2026-07-18: the funder project page confirms the program is active and directs to a 2027-class FAQ but does NOT publish amounts, precise timing windows, or fellow counts on the project page - hence confidence=medium and est. figures.",annual,~10 fellows/year (est.),Promise as a future scientific leader in Latin America; strength of the US training plan and sponsor,,enumerated,https://www.pew.org/en/projects/pew-latin-american-fellows,medium,2026-07-18,unknown,,,,,2026-07-18,2026-07-18,2026-07-18,2026-07-18,
Pew Scholars Program in the Biomedical Sciences,The Pew Charitable Trusts,private_foundation,United States,early_career_faculty,research_grant,research_project,"biomedical_health, life_sciences","Support early-career biomedical researchers of outstanding promise pursuing innovative, high-risk approaches to advancing human health.",Confidence medium because the exact award amount is not confirmable on the funder's own page (only career stage and nomination structure are). Limited nomination -> institutional_nomination_limited.,exploratory_highrisk,"$300,000 total ($75,000/yr over 4 years) (est.)",4 years,host_country_institution_required,,"Early-career junior faculty in the first few years of an assistant-professor-level appointment; hold a doctorate (PhD, MD, or equivalent)",none,n/a,FALSE,,institutional_nomination_limited,unspecified,us_institution,"Nomination limited to invited US academic institutions (one candidate each). Verified 2026-07-18: the funder project page confirms career stage and nomination structure but does NOT publish the dollar amount or duration; the $75k/yr x 4-year ($300k) figure is the established program parameter, hence marked est. and confidence=medium.",annual,"~21 scholars selected from ~211 nominated applicants (2026 class, per pew.org)",Outstanding promise in science relevant to human health; bridging new technologies with creative/innovative approaches,,enumerated,https://www.pew.org/en/projects/pew-biomedical-scholars,medium,2026-07-18,unknown,,,,,2026-07-18,2026-07-18,2026-07-18,2026-07-18,
Milton Safenowitz Postdoctoral Fellowship Program,ALS Association,disease_advocacy,United States,postdoc,fellowship,"training, salary_stipend",biomedical_health,"Encourages promising postdocs to enter and remain in ALS research; supports high-merit, ALS-relevant projects.",,career_training,"Up to $150,000 over 2 years (~$75,000/yr)",2 years,open_any_nationality,2,Junior postdocs <=2 years since PhD or since completing postgraduate clinical training (at LOI deadline),none,n/a,TRUE,amyotrophic lateral sclerosis (ALS),individual_direct,not applicable (junior postdoctoral fellowship),none,Open to researchers completing training anywhere in the world; no citizenship/residency restriction (confirmed on page). Two-stage (LOI + full proposal). Fellows join the Postdoctoral Fellowship Consortium.,annual,unspecified,"ALS Association Scientific Review Committee: scientific merit and relevance to ALS, candidate potential, mentor/environment.",,enumerated,https://www.als.org/research/research-we-fund/fellowships/milton-safenowitz-postdoc-fellowship-program,high,2026-07-18,unknown,,,,,2026-07-18,2026-07-18,2026-07-18,2026-07-18,"Verified on funder page 2026-07-18: up to $150,000 over 2 years; <2 years since PhD at LOI deadline; no citizenship restriction. Annual cycle. Named for Milton Safenowitz."
Alzheimer's Association Research Fellowship (AARF),Alzheimer's Association,disease_advocacy,United States,postdoc,fellowship,"training, salary_stipend, research_project",biomedical_health,"Supports early-career postdoctoral researchers across basic, translational, clinical, functional, and social-behavioral Alzheimer's/dementia research.",,career_training,"Up to $200,000 total (research <=$180k; <=$70k/yr direct+indirect; + $12,500 travel over award; + two $10,000 completion stipends)",2-3 years,open_any_nationality,10,Postdocs/research scientists/instructors with less than 10 years since doctorate or other terminal degree; Assistant Professor rank or above ineligible,none,n/a,TRUE,Alzheimer's disease and related dementias,individual_direct,"yes: Assistant Professor rank or above ineligible; capped to <10 yrs post-doctorate (postdoctoral fellowship rung, not an independent-investigator grant)",none,50% research effort; AAIC attendance required. Open to U.S. and international researchers (subject to U.S. sanctions). Assistant Professor rank or above ineligible (confirmed on page).,annual,unspecified,"Alzheimer's Association peer review: scientific merit, relevance to Alzheimer's/dementia, applicant potential, training environment.",,enumerated,https://www.alz.org/research/for_researchers/grants/types-of-grants/alzheimer_s_association_research_fellowship_-aarf,high,2026-07-18,unknown,,,,,2026-07-18,2026-07-18,2026-07-18,2026-07-18,"Verified on funder page 2026-07-18: up to $200,000 total ($180k research direct+indirect at <=$70k/yr; $12,500 travel; two $10,000 stipends), 2-3 years, <10 yrs post-doctorate, AP+ ineligible. Sibling standing mechanism: AARG (Research Grant) for Assistant/Associate Professors. Variants: AARG-NTF, AARG-D, AARF-D (diversity)."
AACR Career Development Awards to Foster Diversity and Inclusion,American Association for Cancer Research (AACR),disease_advocacy,United States,early_career_faculty,career_development_award,"career_development, research_project",biomedical_health,"Encourages and supports early-stage scientists engaged in basic, translational, or population cancer research with direct applicability to understanding, detecting, treating, or preventing cancer.","identity_gate_type=prioritizes retained after SFFA re-check: current page imposes no demographic eligibility gate; underrepresented-group support is the program's stated intent. Not upgraded to restricted_to, not downgraded to none.",career_training,"$300,000 total (~$100,000/yr)",3 years,open_any_nationality,,"Early-stage independent investigators; first independent faculty position no earlier than Sep 1, 2020 and no later than Sep 1, 2026 (~6-year window for current cycle)",underrepresented_minorities,prioritizes,TRUE,cancer,individual_direct,gated by first-independent-appointment window (Sep 2020-Sep 2026); no R01/large-grant exclusion stated on the current page (any per-variant limits are in the individual RFA),none,"Post-SFFA re-check (2026-07-18): current eligibility does NOT require race/ethnicity/demographic membership. Gates are degree (PhD/MD/equiv), faculty title (assistant professor/instructor/research assistant professor or equiv.), no clinical responsibilities, independent lab space, and AACR active membership. The 'Foster Diversity and Inclusion' framing is stated program intent, not an eligibility gate -> identity_gate_type=prioritizes (soft), not restricted_to.",annual,unspecified,"AACR scientific peer review: scientific merit/innovation, applicant's career potential, cancer relevance.",,enumerated,https://www.aacr.org/grants/aacr-career-development-awards-to-foster-diversity-and-inclusion/,high,2026-07-18,active,,"Letter of Intent Deadline January 27, 2026; Application Deadline May 19, 2026. No termination notice.",https://www.aacr.org/grants/aacr-career-development-awards-to-foster-diversity-and-inclusion/,2026-09-17,2026-07-18,2026-09-17,2026-09-17,2026-07-18,"Verified on funder page 2026-07-18: $300,000 over 3 years; first independent appointment Sep 2020-Sep 2026; no demographic eligibility requirement. Represents AACR's broad Career Development Award family (multiple co-funded/disease-specific variants whose amounts/windows vary by sponsor); terms shown are for the Foster Diversity & Inclusion variant. Identity re-verified 2026-09-17: diversity language sits in the programme title and purpose, not in the eligibility criteria. prioritizes coding consistent."
Research Scholar Grant (RSG),American Cancer Society,disease_advocacy,United States,early_career_faculty,research_grant,research_project,biomedical_health,"Provides support for independent, self-directed early-career investigators pursuing investigator-initiated cancer research across the continuum within ACS priority areas.","Early-independent-investigator research grant with career-development flavor; 8-yr window is from first faculty appointment, so years_since_degree_max=null.",hypothesis_driven_mature,"Up to $215,000/yr (direct) + 10% indirect",Up to 4 years,host_country_institution_required,,"Independent, full-time faculty <=8 years since first independent/faculty appointment",none,n/a,TRUE,cancer,individual_direct,yes: PI on no more than one R01 or R01-equivalent (>$100k direct/yr for >3 yrs) at time of application; current/former RSG grantees cannot apply for a second RSG unless part of a special initiative,us_institution,U.S. academic institutions or eligible non-profits. Two cycles yearly (Jun 1 / Dec 1).,annual,unspecified,"ACS peer-review study sections: scientific merit, innovation, investigator, environment, cancer relevance.",,enumerated,https://www.cancer.org/research/we-fund-cancer-research/apply-research-grant/grant-types/research-scholar-grants.html,high,2026-07-18,unknown,,,,,2026-07-18,2026-07-18,2026-07-18,2026-07-18,"Verified on funder page 2026-07-18: up to $215,000/yr direct + 10% indirect, up to 4 years, <=8 yrs since first faculty appointment, <=1 R01/R01-equivalent, no second RSG unless special initiative. ACS also offers a separate standing Postdoctoral Fellowship (PF) mechanism."
Pathway to Stop Diabetes - Initiator Award (INI),American Diabetes Association,disease_advocacy,United States,"postdoc, transition, physician_scientist",career_development_award,"career_development, research_project, salary_stipend",biomedical_health,"Finds scientists at the peak of their creativity and provides flexible, sustained resources to support the transition from mentored training to independent diabetes research faculty.",CORRECTED submission_path individual_direct -> institutional_nomination_limited: funder page explicitly states candidates are 'identified through institutional nomination.' Phased (Phase 1 mentored -> Phase 2 independent) K99/R00-analog; classified career_development_award.,career_training,"Up to $100,000/yr (Phase 1, mentored, 10% indirect) then up to $325,000/yr (Phase 2, independent, 30% indirect); up to ~$1.625M total",Up to 7 years (<=2 yr mentored + <=5 yr independent),residency_required,7,"Postdoctoral/research fellows, no more than 7 years of research training following terminal doctoral degree",none,n/a,TRUE,diabetes,institutional_nomination_limited,yes: cannot concurrently hold an NIH K99/R00 (Initiator). The sibling Accelerator track excludes those who have applied for/received a renewal or a second R01/U01.,none,Candidates are identified through INSTITUTIONAL NOMINATION (each institution nominates a limited number). Must be authorized to work in the U.S. or U.S. possessions (residency/work-authorization gate). K99/R00-analog phased transition award; physician-scientists eligible. Includes mentorship + collaborative think tank.,annual,unspecified,"ADA Pathway (Mentor Advisory Group) review: scientific creativity and transformative potential, applicant trajectory, mentorship plan.",,enumerated,https://professional.diabetes.org/research-grants/current-funding-opportunities-pathway-stop-diabetes,high,2026-07-18,unknown,,,,,2026-07-18,2026-07-18,2026-07-18,2026-07-18,"Verified on funder page 2026-07-18: Phase 1 up to $100k/yr (10% indirect) + Phase 2 up to $325k/yr (30% indirect), ~$1.625M total, up to 7 yr, <=7 yrs post-doctoral training, cannot hold concurrent K99/R00, identified through institutional nomination. Current page shows two tracks (Initiator, Accelerator); no Visionary track."
Harry Shwachman Clinical Investigator Award,Cystic Fibrosis Foundation,disease_advocacy,United States,"early_career_faculty, transition, physician_scientist",career_development_award,"career_development, salary_stipend, research_project",biomedical_health,Provides clinically trained physicians the opportunity to develop into independent biomedical research investigators actively involved in cystic fibrosis-related areas.,"Classified career_development_award (physician-scientist salary+research award), not fellowship.",career_training,"$100,000/yr salary + $33,000 supplies (no indirect)",3 years,citizen_national_pr_required,,Junior faculty and senior fellows; clinically trained physicians committed to CF research,none,n/a,TRUE,cystic fibrosis,individual_direct,unspecified on page (junior-faculty/senior-fellow physician award intended to precede major independent funding; page defers to CFF 2026 Policies & Guidelines for independent-funding limits),none,U.S. citizenship or permanent resident status required (confirmed on page 2026-07-18). Physician-scientist career-development (K-analog) award.,annual,unspecified,"CFF peer review: candidate's potential for research independence, biomedical research plan merit, mentorship, CF relevance.",,enumerated,https://www.cff.org/researchers/harry-shwachman-clinical-investigator-award,high,2026-07-18,unknown,,,,,2026-07-18,2026-07-18,2026-07-18,2026-07-18,"Verified on funder page 2026-07-18: up to $100,000/yr salary + $33,000 supplies, 3 yr, no indirect, junior faculty/senior fellows, US citizen/PR required. Related physician-scientist ladder rung: LeRoy Matthews Physician-Scientist Award (earlier stage)."
Pilot and Feasibility Award,Cystic Fibrosis Foundation,disease_advocacy,United States,"early_career_faculty, midcareer",seed_pilot,research_project,"biomedical_health, life_sciences",Supports novel-hypothesis pilot research to help promising new investigators establish in cystic fibrosis.,Entry rung of the CFF ladder; classified seed_pilot.,feasibility_pilot,"$50,000/yr + 12% indirect",Up to 2 years,host_country_institution_required,,"Promising new investigators establishing in CF, plus established investigators new to CF research",none,n/a,TRUE,cystic fibrosis,individual_direct,no formal award-based exclusion; scoped to investigators new to CF research,none,"One P&F application per year (Spring or Fall). Hypothesis-driven, innovative pilots. Citizenship not stated (qualifying host institution required).",annual,unspecified,"CFF peer review: innovation, feasibility, potential CF impact, investigator.",,enumerated,https://www.cff.org/researchers/pilot-and-feasibility-awards,high,2026-07-18,unknown,,,,,2026-07-18,2026-07-18,2026-07-18,2026-07-18,"Verified on funder page 2026-07-18: $50,000/yr + 12% indirect, up to 2 yr. Standing variant for clinical work: Clinical Pilot & Feasibility Award. Path to a Cure P&F (CFTR) also exists."
Postdoctoral Research Fellowship Award,Cystic Fibrosis Foundation,disease_advocacy,United States,postdoc,fellowship,"training, salary_stipend","biomedical_health, life_sciences",Supports postdoctoral research training in cystic fibrosis.,,career_training,"$75,000 (yr 1) / $76,000 (yr 2), no indirect",2 years,host_country_institution_required,,"Postdoctoral trainees (PhD, DVM, or PharmD) in CF-relevant research under a mentor",none,n/a,TRUE,cystic fibrosis,individual_direct,not applicable (postdoctoral training award),none,For postdocs holding PhD/DVM/PharmD training in CF-relevant research; citizenship not stated (qualifying host institution required).,annual,unspecified,"CFF peer review: scientific merit, candidate potential, mentor/training environment, CF relevance.",,enumerated,https://www.cff.org/researchers/academic-funding-opportunities,high,2026-07-18,unknown,,,,,2026-07-18,2026-07-18,2026-07-18,2026-07-18,"Verified on funder page 2026-07-18: $75,000 yr1 / $76,000 yr2, 2 yr, no indirect. Separate standing variants: Clinical Postdoctoral Research Fellowship, Path to a Cure Postdoctoral Fellowship (CFTR), and Postdoc-to-Faculty Transition Award (postdoc->faculty rung)."
Research Grant,Cystic Fibrosis Foundation,disease_advocacy,United States,"early_career_faculty, midcareer, senior_established",research_grant,research_project,"biomedical_health, life_sciences",Supports hypothesis-driven basic science to understand CF disease mechanisms and develop prevention/treatment strategies.,"Mechanism-level standing program; Spring & Fall cycles collapsed to cadence=annual. Verified on funder page 2026-07-18: $150k/yr + 12% indirect, up to 2 yr competitively renewable, one app per year.",hypothesis_driven_mature,"$150,000/yr + 12% indirect",Up to 2 years (competitively renewable),host_country_institution_required,,No stated career-stage cap; targets investigators with sufficient preliminary data,none,n/a,TRUE,cystic fibrosis,individual_direct,no (open hypothesis-driven research grant; not an early-career-restricted mechanism),none,One Research Grant application per year (Spring or Fall cycle). Clinical intervention studies must use the Clinical Research Award; CFTR-focused work routes to Path to a Cure.,annual,unspecified,"CFF peer review: scientific merit, innovation, feasibility, relevance to CF, investigator qualifications.",,enumerated,https://www.cff.org/researchers/research-grants,high,2026-07-18,unknown,,,,,2026-07-18,2026-07-18,2026-07-18,2026-07-18,"Citizenship not stated on page; work performed at a qualifying host institution. Related standing variants: Path to a Cure Research Grant (same terms, CFTR focus), CFF/NIH R01 Unfunded bridge award."
Career Development Award,JDRF / Breakthrough T1D,disease_advocacy,United States,"early_career_faculty, physician_scientist",career_development_award,"career_development, research_project, salary_stipend",biomedical_health,Attracts qualified and promising scientists early in their faculty careers and helps them establish in type 1 diabetes research.,"Confidence downgraded high->medium: existence confirmed on funder page but dollar figures unverified. Eligibility window measured from first faculty appointment, so years_since_degree_max=null.",career_training,"Up to $200,000/yr including up to 10% indirect (est.)",Up to 5 years,open_any_nationality,,Faculty-level (assistant professor or equivalent); first faculty appointment <3 years before submission,none,n/a,TRUE,type 1 diabetes,individual_direct,no explicit award-based exclusion stated; gated by early-faculty window (first appointment <3 yrs before submission); >=75% effort to T1D,none,No citizenship requirement; open worldwide. Physician-scientists eligible.,annual,unspecified,"Breakthrough T1D peer review: T1D relevance/priority fit, scientific merit, applicant trajectory, feasibility.",,enumerated,https://www.breakthrought1d.org/explore-research/funding-opportunities/,medium,2026-07-18,unknown,,,,,2026-07-18,2026-07-18,2026-07-18,2026-07-18,Program CONFIRMED on funder page 2026-07-18 as a current FY27 standing Training Award. Award amount ($200k/yr incl. 10% indirect) and <3-yr faculty window NOT re-verifiable on the public funding-opportunities page (defers to downloadable RFA; detail subpage 404) - carried from FY26 RFA and marked (est.). K-analog faculty award.
Postdoctoral Fellowship,JDRF / Breakthrough T1D,disease_advocacy,United States,postdoc,fellowship,"training, salary_stipend",biomedical_health,Supports promising early-career scientists developing type 1 diabetes research expertise through structured mentorship and training.,Confidence downgraded high->medium: existence confirmed on funder page but dollar figures unverified against current page.,career_training,"Stipend per experience-based (NIH NRSA-style) scale + $5,500/yr research/training allowance (est.)",3 years (renewable up to 2 additional; max 5),open_any_nationality,5,"<=5 years since doctorate (PhD, MD, DMD, DVM, DO or equiv.), with career-interruption flexibility",none,n/a,TRUE,type 1 diabetes,individual_direct,"not an award gate, but may not concurrently hold an internship, residency, or another postdoctoral fellowship; >=75% effort required",none,No citizenship requirement; open to applicants worldwide. Requires a full-time affiliated sponsor/mentor.,annual,unspecified,"Breakthrough T1D peer review: relevance to T1D research priorities, scientific merit/innovation, candidate potential, mentor/training plan.",,enumerated,https://www.breakthrought1d.org/explore-research/funding-opportunities/,medium,2026-07-18,unknown,,,,,2026-07-18,2026-07-18,2026-07-18,2026-07-18,Program CONFIRMED on funder page 2026-07-18 as a current FY27 standing Training Award. Exact stipend/allowance figures NOT re-verifiable on the public funding-opportunities page (site defers to downloadable RFA; detail subpage 404) - amounts carried from FY26/FY27 RFA and marked (est.). Breakthrough T1D is the current name for JDRF.
Career Development Program - Fellow,Leukemia & Lymphoma Society (Blood Cancer United),disease_advocacy,United States,postdoc,fellowship,"training, salary_stipend",biomedical_health,Encourages early postdocs to embark on an academic career involving basic or translational research in hematologic malignancies.,Entry rung of the CDP fellowship ladder.,career_training,"$70,000/yr (minimum $65,000/yr direct to awardee)",3 years,open_any_nationality,,Postdoctoral fellows/instructors with less than 3 years of postdoctoral training,none,n/a,TRUE,"leukemia, lymphoma, and other hematologic malignancies",individual_direct,not applicable (postdoctoral training award),none,Entry rung (<3 yr postdoctoral training). Open worldwide.,annual,unspecified,"LLS/Blood Cancer United peer review: scientific merit, blood-cancer relevance, candidate potential, mentor/environment.",,enumerated,https://bloodcancerunited.org/resources/newsroom/career-development-program-cdp,high,2026-07-18,unknown,,,,,2026-07-18,2026-07-18,2026-07-18,2026-07-18,"Verified on funder page 2026-07-18: $70,000/yr (min $65,000/yr direct to awardee), 3 years, <3 yr postdoctoral training. Blood Cancer United (formerly LLS)."
Career Development Program - Scholar,Leukemia & Lymphoma Society (Blood Cancer United),disease_advocacy,United States,"early_career_faculty, midcareer",career_development_award,"career_development, salary_stipend, research_project",biomedical_health,Supports highly qualified independent investigators with a capacity for sustained original investigation in hematologic malignancies.,Faculty-level rung of the LLS/BCU Career Development Program ladder.,career_training,"$120,000/yr",5 years,open_any_nationality,,"Independent, tenure-track faculty investigators with demonstrated capacity for independent, sustained investigation; Full Professors ineligible",none,n/a,TRUE,"leukemia, lymphoma, and other hematologic malignancies",individual_direct,requirement/exclusion: must already hold substantial research support awarded from a national agency; Full Professors ineligible (Scholar track),none,"Rising-star independent tenure-track investigators; Full Professors ineligible. Sibling track: Scholar in Clinical Research ($125,000/yr, 5 yr) for independent clinician-researchers.",annual,unspecified,"LLS/Blood Cancer United peer review: scientific merit, relevance to blood cancers, investigator trajectory, environment.",,enumerated,https://bloodcancerunited.org/resources/newsroom/career-development-program-cdp,high,2026-07-18,unknown,,,,,2026-07-18,2026-07-18,2026-07-18,2026-07-18,"Verified on funder page 2026-07-18: $120,000/yr for 5 years; must hold substantial research support from a national agency; Full Professors ineligible. LLS rebranded to Blood Cancer United; program page redirects there. Open to investigators worldwide."
Career Development Program - Special Fellow,Leukemia & Lymphoma Society (Blood Cancer United),disease_advocacy,United States,postdoc,fellowship,"training, salary_stipend",biomedical_health,Provides the opportunity to continue building a research program that makes the fellow competitive for an independent position by the end of the award.,"Middle rung of the CDP fellowship ladder (above Fellow, below Scholar).",career_training,"$75,000/yr (minimum $70,000/yr direct to awardee)",2 or 3 years,open_any_nationality,,Postdoctoral fellows/instructors with 3-5 years of postdoctoral training,none,n/a,TRUE,"leukemia, lymphoma, and other hematologic malignancies",individual_direct,not applicable (postdoctoral training award),none,Senior-postdoc rung (3-5 yr training). Open worldwide.,annual,unspecified,"LLS/Blood Cancer United peer review: scientific merit, blood-cancer relevance, candidate potential, mentor/environment.",,enumerated,https://bloodcancerunited.org/resources/newsroom/career-development-program-cdp,high,2026-07-18,unknown,,,,,2026-07-18,2026-07-18,2026-07-18,2026-07-18,"Verified on funder page 2026-07-18: $75,000/yr (min $70,000/yr direct to awardee), 2 or 3 years, 3-5 yr postdoctoral training. Blood Cancer United (formerly LLS)."
Edmond J. Safra Fellowship in Movement Disorders,Michael J. Fox Foundation,disease_advocacy,United States,"transition, physician_scientist",fellowship,"training, career_development, salary_stipend",biomedical_health,Trains movement-disorder clinician-researchers to grow the global base of movement-disorder specialists.,"Classified fellowship (combined clinical + research training). submission_path=institutional_nomination_limited now supported by page ('applications from medical centers'). Confidence medium: citizenship still inferred, not stated.",career_training,"$180,000 over 2 years",2 years,open_any_nationality,,Physicians training as movement-disorder clinician-researchers (fellowship level),none,n/a,TRUE,Parkinson's disease / movement disorders,institutional_nomination_limited,not applicable (clinical training fellowship),none,"MJFF accepts applications from medical centers annually (host-site/institutional submission, not individual) and 'prioritizes expanding access in underrepresented communities' (refers to communities/sites served, not an applicant demographic gate). Fellowship hosted at academic medical centers. Citizenship inferred open (global program), not explicitly stated on page.",annual,unspecified,"MJFF review: candidate's clinical + research training potential, host-site mentorship/environment, commitment to movement disorders.",,enumerated,https://www.michaeljfox.org/funding-opportunities,medium,2026-07-18,unknown,,,,,2026-07-18,2026-07-18,2026-07-18,2026-07-18,"Verified on funder page 2026-07-18: $180,000 over 2 years; applications accepted from medical centers annually (standing/annual mechanism, currently between cycles). MJFF's standing investigator research-grant vehicles are the Therapeutics Pipeline Program (rolling) and Bridge Funding for Disrupted Neurodegenerative Research (rolling, early-career)."
Career Catalyst Research (CCR) Grant,Susan G. Komen,disease_advocacy,United States,early_career_faculty,career_development_award,"career_development, research_project",biomedical_health,"Fosters promising early-career breast-cancer researchers, providing protected research time under mentorship to launch independent careers and compete for subsequent funding.","CORRECTED submission_path institutional_nomination_limited -> individual_direct: funder page shows an open LOI (not a funder-imposed institutional nomination); the earlier 'limited-submission' rationale reflected institution-side caps, which are not a Komen gate.",career_training,"Up to $150,000/yr (direct + indirect)",2 or 3 years,other,,Researchers in the early stages of their faculty careers,none,n/a,TRUE,breast cancer,individual_direct,unspecified on page (early-faculty award to launch independence; page defers to the CCR RFA for prior-award limits),none,"Basic/translational or clinical research. Two-step process: open Letter of Intent, then invitation-only full Application. Komen does NOT impose institutional nomination; any per-institution application caps are institution-side limited-submission policies, not a funder gate.",annual,unspecified,"Komen review: scientific merit, breast-cancer relevance/impact, applicant's potential for independence, mentorship.",,enumerated,https://www.komen.org/breast-cancer-research/grants/programs/,high,2026-07-18,unknown,,,,,2026-07-18,2026-07-18,2026-07-18,2026-07-18,"Verified on funder page 2026-07-18: up to $150,000/yr (direct + indirect), 2 or 3 years, two-step LOI + invited application. Komen also offers standing Postdoctoral Fellowship and Investigator-Initiated Research. Citizenship not stated; Komen funds U.S. and international institutions (citizenship_residency=other)."
Institution-administered Re-Entry Postdoctoral Research Program (representative example: Harvard Catalyst Re-Entry Research Supplement),"Harvard Catalyst, The Harvard Clinical and Translational Science Center (representative named example; underlying funds from the NIH/NCATS CTSA award)",institutional,United States,"reentry, postdoc, early_career_faculty",career_development_award,"salary_stipend, research_project, career_development, training","biomedical_health, life_sciences","Supports doctoral-level researchers returning to clinical/translational research after a career interruption (childrearing, illness in self or family, relocation, debt-driven non-research work, or military service) through a mentored, institution-administered re-entry research supplement.","GUIDANCE ROW representing the U.S. pattern of institution-administered re-entry postdoctoral programs. In the U.S. these are generally NOT standalone institution-funded fellowships; they are typically local implementations of the NIH/NCATS CTSA re-entry supplement run by a university's CTSA hub (Harvard Catalyst shown as a named representative). The candidate submits a Letter of Intent to the hub, which invites full proposals routed to NIH as administrative supplements to the CTSA parent grant. The 'institutional' label reflects administration/host, not the (federal CTSA) funding source.",career_training,"Salary support up to about $100,000/yr plus fringe, and about $10,000 for supplies/travel/publication (Harvard Catalyst figures; varies by institution)",Up to about 2 years (up to 12 person-months; 1-year projects also considered),citizen_national_pr_required,,Career interruption of at least 1 year and no more than 8 years; previously in a postdoctoral or faculty position; minimum 50% time commitment to the re-entry effort,none,n/a,FALSE,,institutional_nomination_limited,Candidate should not currently hold independent research funding; the mechanism is a supplement to the institution's active federal (CTSA) award,r1_or_equiv,"Availability is institution-specific and cyclical; applicants must be affiliated with (or recruited to) the administering university. As of the checked date, Harvard Catalyst's re-entry LOI cycle was closed - confirm current availability with the specific institution's CTSA hub or office of postdoctoral affairs.",irregular,unspecified,"Institution/hub review of the candidate's re-entry potential, the mentored research/training plan, the mentor and environment, and alignment with the CTSA parent grant; finalists are routed to NIH for administrative approval",Strong mentor and departmental commitment; a feasible plan to re-establish an independent research trajectory; documented qualifying interruption,guidance,https://catalyst.harvard.edu/diversity-and-re-entry-supplements/re-entry-supplement/,low,2026-07-18,unknown,,,,,2026-07-18,2026-07-18,2026-07-18,2026-07-18,"Representative anchor only. Standalone, purely institution-funded U.S. re-entry postdoctoral fellowships are rare and not standardized; most 'institutional re-entry postdoc' opportunities are university-administered NIH/CTSA re-entry supplements, offered by CTSA hubs across academic medical centers. Harvard Catalyst's LOI form was closed at the checked date, so treat availability as cyclical/institution-dependent. (Robust standalone re-entry fellowships exist in the UK - e.g., Wellcome/Daphne Jackson - but are out of U.S. scope.)"
Core-facility vouchers / usage subsidies (institutional),Home institution (US universities & academic medical centers),institutional,United States,"postdoc, early_career_faculty, midcareer, senior_established",seed_pilot,research_project,"biomedical_health, life_sciences, physical_sciences, engineering","Subsidize investigator use of institutional core-facility instruments and staff time to extend core capabilities, develop new methods, or generate preliminary data for extramural applications (anchor: Arizona ORP).","Representative anchor: University of Arizona ORP Core Facilities Pilot Program (verified 2026-07: ~$10k cap, next deadline May 2026, faculty+postdoc PIs, <=2 concurrent awards, 12-mo no-extension). GUIDANCE row for the core-voucher/subsidy TYPE (also Duke SoM, UNC/TraCS, UAMS, Rutgers). mechanism_type=seed_pilot: the voucher buys shared-instrumentation access to produce pilot data; it is NOT capital equipment purchase, so purpose=research_project not equipment. Distinct from state/industry 'innovation voucher' programs (those fund companies, not faculty).",feasibility_pilot,"~$2k-$25k (est.); anchor (Arizona ORP Core Facilities Pilot) capped ~$10k, higher for well-justified projects.",Funds must be used within ~12 months; no extensions (anchor).,host_country_institution_required,,"Active researchers; anchor allows faculty and postdoc PIs, with a cap of 2 concurrent awards (postdocs limited to method-development/training projects).",none,n/a,FALSE,,individual_direct,no; anchor caps concurrent awards (<=2) rather than excluding by prior-award history.,none,Gate is being a researcher/PI at the institution. The voucher/subsidy pays for USE of institutional core-facility instruments and staff time (anchor explicitly excludes consumables/specialty chemicals). Applicant develops a budget with the core manager and submits a short narrative to the research office. Purpose is to develop new methods or generate preliminary data for extramural proposals.,rolling,unspecified,"Feasibility and scientific merit of core use; potential to develop new methods or produce preliminary data supporting future extramural proposals (anchor: expedited review, limited/no applicant feedback).",,guidance,https://research.arizona.edu/development/find-funding/core-facilities-pilot-program,medium,2026-07-18,unknown,,,,,2026-07-18,2026-07-18,2026-07-18,2026-07-18,"Requires the institution to operate shared core facilities (research-intensive universities/AMCs); many voucher programs are seeded by CTSA hubs or NIH S10/core grants. Verified 2026-07: the anchor gives funding priority to proposals that train students from traditionally marginalized groups, but this is a SOFT priority WITHIN the student-training sub-track only, not a program-level eligibility gate on the PI (faculty/postdoc) applicant pool; row-level identity_targeting therefore = none."
CTSA intramural pilot / translational pilot awards,Home institution (US universities & academic medical centers),institutional,United States,"early_career_faculty, midcareer, senior_established, physician_scientist",seed_pilot,research_project,biomedical_health,"Fund innovative, interdisciplinary pilots that advance clinical and translational science and generate preliminary data (and reusable tools/methods) for extramural applications (anchor: UF CTSI).","Representative anchor: University of Florida CTSI Pilot Award Program (verified 2026-07 as CTSI's own funding page; 2025-26 UF+FSU CTSA Hub cycle, 12-mo, no NCE, LOI required); amounts corroborated by Case Western CTSC (up to $50k, funded by NCATS UM1TR004528). GUIDANCE row for the CTSA-hub intramural pilot TYPE. IMPORTANT classification note: although the CTSA hub is backed by an NIH/NCATS UM1/UL1 cooperative agreement, the PILOT AWARD itself is administered INTRAMURALLY by the institution's CTSI to its own investigators, so funder_category=institutional and mechanism_type=seed_pilot (not cooperative_agreement, which describes the parent NCATS award to the hub).",feasibility_pilot,~$20k-$50k (est.); corroborating anchor (Case Western CTSC) up to $50k each; some hubs award up to ~$100k. (UF CTSI page confirms the mechanism but does not publish a per-award dollar figure.),12 months; no-cost extensions often not permitted (anchor: UF CTSI).,host_country_institution_required,,"Faculty PIs eligible to hold NIH grants at the CTSA-hub institution; new/junior investigators explicitly encouraged (Case: <6 yrs, untenured).",none,n/a,FALSE,,individual_direct,varies by hub: many prioritize or restrict to new/early-stage investigators or those without major related R-level funding; verify per CTSI RFA.,r1_or_equiv,Gate is being an NIH-PI-eligible faculty member at an institution with a CTSA hub. Investigators apply through the local CTSI/CTSC (often via LOI -> design studio -> full application). Human/animal work needs IRB/IACUC (and NIH prior approval) before start. Intended to produce preliminary data and reusable translational tools/methods that seed extramural (often R-level) applications.,annual,unspecified,"Clinical/translational significance, innovation, feasibility, and potential to advance to extramural funding, aligned with NCATS translational-science goals.",,guidance,https://www.ctsi.ufl.edu/research/funding-opportunities/ctsi-funded-research/,medium,2026-07-18,unknown,,,,,2026-07-18,2026-07-18,2026-07-18,2026-07-18,"Available only at the ~60 institutions with an NCATS CTSA hub (academic medical centers), hence institution_type_restriction=r1_or_equiv. Scope is clinical & translational science broadly (not a single disease), so topic_restricted=false. Sibling mechanisms at the same hubs include KL2 career awards and TL1 trainee slots (separate rows/categories)."
Dissertation-completion fellowships (institutional),Home institution (US universities & academic medical centers),institutional,United States,graduate_predoc,fellowship,"salary_stipend, training",domain_agnostic,"Provide final-year, non-service funding so doctoral candidates can focus exclusively on research and writing and complete the dissertation without service obligations (anchor: UNC).","Representative anchor: UNC-Chapel Hill Graduate School Dissertation Completion Fellowship (verified 2026-07, page updated Mar 2026: $24k/9 mo + tuition/fees/GSHIP; department nominates up to 3). GUIDANCE row for the near-universal dissertation-completion-fellowship TYPE (also Stanford VPGE, Cincinnati, Texas A&M, UMass). submission_path=institutional_nomination_limited because the department must nominate within a per-program cap. Most valuable to (and sometimes restricted to) humanities/social-science PhDs whose stipends are not otherwise RA-covered.",career_training,"~$20k-$40k stipend + tuition/fees + health insurance (est.); anchor (UNC) $24,000 for the 9-month academic year plus tuition (campus rate) and mandatory fees and GSHIP health insurance.",9-12 months (the final dissertation-writing year).,host_country_institution_required,,"Advanced-to-candidacy (ABD) doctoral students in their final writing year, able to finish within the fellowship term.",none,n/a,FALSE,,institutional_nomination_limited,"no; requires ABD/candidacy status. Concurrent TA/RA appointments, other major fellowships, or outside employment are typically barred during the award without prior approval (anchor: UNC).",none,"Gate is being an enrolled, degree-seeking doctoral candidate at the institution who has completed coursework, passed prelims/comps, and had the prospectus approved. Non-service funding: recipients typically may not hold TA/RA appointments, other major fellowships, or outside employment during tenure without prior approval (anchor: UNC). Departments nominate a capped number of students (anchor: up to 3 per program), then the graduate school selects.",annual,unspecified,"Likelihood of completing the dissertation within the fellowship term, scholarly merit and research design, clarity of materials for a general audience, and department/committee endorsement.",,guidance,https://gradschool.unc.edu/funding/gradschool/dissertation/,medium,2026-07-18,unknown,,,,,2026-07-18,2026-07-18,2026-07-18,2026-07-18,Requires a PhD-granting institution. Some variants are discipline-restricted (humanities/social sciences) or run by a college rather than the central graduate school; stipend scales with the institution's standard doctoral rate.
Faculty startup / start-up packages (institutional),Home institution (US universities & academic medical centers),institutional,United States,"early_career_faculty, senior_established",research_grant,"research_project, equipment, salary_stipend, training",domain_agnostic,"Provide newly recruited faculty the equipment, personnel, summer salary, and flexible research funds needed to establish an independent research program (recruitment/retention).","Representative anchor: University of Iowa (College of Liberal Arts & Sciences) Startup Policy page (verified 2026-07 as the College's own official policy; typical large-package cost share 1/3 dept, 2/3 CLAS). GUIDANCE row: startup packages are near-universal but the dollar figures are negotiated privately and essentially never published per-institution, so this captures typical ranges + how-to-access only. mechanism_type=research_grant is a proxy: startup is a bundled recruitment/setup fund (equipment, personnel, summer salary, trainees, supplies) to launch an independent lab, not a peer-reviewed grant. confidence=low because figures are estimates from community norms, not a sourced funder amount.",unspecified,R1 experimental/wet-lab STEM ~$500k-$2M+ (est.); computational/theory/social science much lower (~$50k-$500k est.); PUI/teaching-focused much smaller (~$5k-$100k est.). Senior/retention recruits negotiate the largest packages.,Funds typically must be spent within ~3-5 years of appointment (anchor: research funds within first 4 years; computer/moving within year 1); use-it-or-lose-it terms vary.,host_country_institution_required,,Negotiated at the time of appointment/hire (or as a retention offer); not an open annual competition.,none,n/a,FALSE,,other,no (n/a; provided at hiring regardless of prior funding).,none,"Gate is being a newly recruited (or retained) faculty appointee at the institution, not nationality. Access is via the offer-negotiation process with the hiring department chair and dean/provost, NOT a competitive research-office application. Amounts are set case-by-case and depend heavily on field (equipment-intensive experimental STEM highest), rank, and institution type (R1 >> R2 >> PUI).",irregular,unspecified,n/a (negotiated recruitment package; not a peer-reviewed competition).,,guidance,https://resource.clas.uiowa.edu/policies/research/startup-policy,low,2026-07-18,unknown,,,,,2026-07-18,2026-07-18,2026-07-18,2026-07-18,"Ranges vary enormously by discipline and institution type; R1 experimental STEM the high end, PUI/humanities the low end. Senior recruitment and retention packages can exceed the ranges above. Not enumerable on the open web."
Institutional postdoctoral fellowships (President's / Provost's / departmental),Home institution (US universities & academic medical centers),institutional,United States,"postdoc, transition",fellowship,"salary_stipend, career_development, training",domain_agnostic,"Support early-career postdoctoral scholars with salary, faculty mentoring, and professional development to recruit potential future tenure-track faculty (anchor: U-M President's Postdoctoral Fellowship).","Representative anchor: University of Michigan President's Postdoctoral Fellowship (UC PPFP-model, U-M/UC collaboration since 2011). GUIDANCE row spanning two flavors: (a) generic Provost's/departmental institutional postdoc fellowships with NO identity criteria, and (b) the President's/Provost's PPFP-family. Re-verified on the anchor page 2026-07: current wording is HOLISTIC and perspective-based ('critical perspective ... from their non-traditional educational background or understanding of the experiences of groups historically underrepresented in higher education') and weighs 'contribution to ... equal opportunity in higher education' as a non-demographic holistic factor; candidates are 'evaluated on fit with current needs and strengths of the institution and future funding possibilities.' confidence=low: stipend is an estimate and identity framing is drift-sensitive post-SFFA.",career_training,~$60k-$70k/yr stipend + benefits (est.); often includes a research/professional-development allowance.,"1-3 years (commonly 2, sometimes renewable).",host_country_institution_required,,"Early-career postdocs, typically within ~5 years of the PhD (varies by program); PhD required (or expected before start).",underrepresented_minorities,prioritizes,FALSE,,individual_direct,no formal prior-award gate; eligibility is bounded by early-postdoc career stage (typically within ~5 yrs of PhD; some programs limit prior postdoc experience).,none,"Gate is holding (or taking up) the fellowship as a postdoc appointee at the institution; nationality generally not restricted. Applicants apply directly, usually naming a prospective faculty mentor/host unit. Explicit aim is to build the future tenure-track faculty pipeline. Anchor (U-M President's Postdoc) for AY25-26 limited hosting to five named schools (Dentistry; Environment & Sustainability; Information; Nursing; Social Work); scope varies yearly and by campus.",annual,unspecified,"Research promise/quality, fit with a faculty mentor and host unit, and potential for a future faculty career; PPFP-family programs also weigh holistic contributions to diversity/equal opportunity (perspective-based, not demographic).",,guidance,https://presidentspostdoc.umich.edu/,low,2026-07-18,active,,"On-line application opened 09.01.2026 and closes 11.01.2026 (U-M President's Postdoctoral Fellowship, the named exemplar for this guidance row).",https://presidentspostdoc.umich.edu/,2026-09-17,2026-07-18,2026-09-17,2026-09-17,2026-07-18,"Identity fields reflect the President's/Provost's (PPFP-model) SUBSET as VERIFIED on the anchor page 2026-07: U-M expresses interest in scholars who bring a critical perspective from a 'non-traditional educational background or understanding of the experiences of groups historically underrepresented in higher education' and weighs contributions to diversity/equal opportunity as a HOLISTIC, non-demographic factor. This is a SOFT preference (prioritizes), NOT a demographic gate; post-SFFA (2023) the language is explicitly contribution/perspective-based, not identity-restricted. Downgraded from the prior [URM, first_generation] stamp: dropped 'first_generation' (not supported by the current non-demographic wording), retained URM as the closest filterable mapping of 'groups historically underrepresented.' Generic departmental/provost postdoc fellowships carry no identity criteria (identity_gate_type = n/a). confidence low on the identity and stipend fields specifically."
Internal bridge / gap funding (institutional),Home institution (US universities & academic medical centers),institutional,United States,"early_career_faculty, midcareer, senior_established",research_grant,"research_project, salary_stipend",domain_agnostic,"Sustain a full-time faculty member's independent research program during a temporary loss of significant funding, usually between two extramural (R01-equivalent) grants (anchor: UCSF).","Representative anchor: UCSF School of Medicine Bridge Funding Program (verified 2026-07: <=$150k, <=12 mo, requires recent well-scored unfunded federal application, 25% dept match, cannot reapply until 6 mo after prior award). GUIDANCE row for the bridge/gap-funding TYPE (also at Oregon, Purdue, FSU, Wisconsin, Cincinnati, IU). mechanism_type=research_grant proxy: this is stopgap funding to sustain a mature lab/personnel between grants, NOT a seed/pilot. Note the qualifying condition is INVERSE of a prior-funding exclusion: you must HAVE HAD extramural funding and a scored unfunded resubmission to qualify.",hypothesis_driven_mature,"~$25k-$150k (est.); anchor (UCSF School of Medicine) caps at $150k, with the department providing 25% of the award.",Up to 12 months.,host_country_institution_required,,During a funding gap; anchor requires >3 years as full-time salaried faculty and a recent well-scored-but-unfunded federal application.,none,n/a,FALSE,,individual_direct,no (inverse requirement): eligibility REQUIRES prior/lapsing extramural funding plus a recent well-scored but unfunded federal application; having no external-funding history typically disqualifies. (Anchor nuance: New Investigators still holding a mentored K award are ineligible.),none,"Gate is being an established, full-time faculty PI at the institution experiencing a temporary loss of significant extramural support. Anchor priority tiers: Established Investigators (8+ yrs faculty, documented 3 yrs continuous peer-reviewed support, losing/anticipating loss of >40% of extramural funding) and New Investigators (<=8 yrs faculty with independent programs; those still holding a mentored K are ineligible). Department chair must document a financial commitment (anchor: 25% match). Faculty apply to the school/research office (anchor: two cycles/yr, Winter and Summer).",rolling,unspecified,"Institutional committee: strength/percentile of the recent unfunded federal application, research program independence, likelihood of near-term recovery of extramural funding, productivity, and documented department commitment/match.",,guidance,https://medschool.ucsf.edu/research/investigator-resources/school-medicine-bridge-funding-program,medium,2026-07-18,unknown,,,,,2026-07-18,2026-07-18,2026-07-18,2026-07-18,"Most common at academic medical centers and wet-lab-intensive units where a grant lapse threatens salaried personnel; campus-wide (domain-agnostic) versions also exist. Cadence framed rolling because need is unpredictable, though anchor runs fixed Winter/Summer cycles; department cost-share is common."
Internal seed / pilot research grants (institutional),Home institution (US universities & academic medical centers),institutional,United States,"early_career_faculty, midcareer",seed_pilot,research_project,domain_agnostic,"Jump-start worthwhile new projects with short-term, one-time internal support to generate preliminary data for external proposals (anchor language: 'jump-start worthwhile projects by providing short-term, one-time support').","Representative anchor: University of Arizona Research Office Faculty Seed Grants (verified 2026-07: up to $15k, Track 1 assistant / Track 2 associate profs, annual, one award per PI per 4 yrs, must lead to data for new external proposals). GUIDANCE row for the near-universal internal-seed-grant TYPE; amounts/terms are set per-institution. Corroborating index: UChicago Office of Research internal-funding catalog. Leveraging preliminary data into extramural funding is the explicit intent.",feasibility_pilot,~$10k-$75k (est.); anchor (Arizona Faculty Seed Grants) up to $15k one-time (single-investigator).,~6-18 months (est.); anchor is a 1-year award period.,host_country_institution_required,,Open to faculty; anchor limits to one award per PI every 4 years and splits Track 1 (assistant profs / early career) / Track 2 (associate profs / mid-career).,none,n/a,FALSE,,individual_direct,no formal PI-history gate; programs typically target NEW directions/preliminary data and often cap repeat awards (anchor: one per PI per 4 yrs).,none,Gate is faculty appointment at the institution. Faculty apply directly through the research office's internal-funding portal (anchor: 'Arizona Cultivate'). Intended to generate preliminary/pilot data or scholarly/creative output that seeds a new EXTERNAL proposal. Some campuses open these to all ranks or to interdisciplinary teams.,annual,unspecified,Institutional review: scientific/scholarly merit and likelihood of leading to competitive external funding or significant scholarship.,,guidance,https://research.arizona.edu/development/find-funding/internal-funding/faculty-seed-grants,medium,2026-07-18,unknown,,,,,2026-07-18,2026-07-18,2026-07-18,2026-07-18,"Names vary (seed grant, pilot grant, faculty research grant, university research council award, interdisciplinary seed). Larger interdisciplinary/team seed programs reach the upper (~$50k-$75k) end. Some are rolling rather than annual."
Limited-submission internal competitions (institutional nomination),Home institution (US universities & academic medical centers),institutional,United States,no_stage_restriction,research_grant,research_project,domain_agnostic,"Internally select the institution's nominee(s) for external programs that limit the number of applications a single institution may submit, ensuring compliance and maximizing competitiveness (anchor: UMN RIO).","Representative anchor: University of Minnesota Research & Innovation Office Limited Submissions Program (verified 2026-07; corroborated by UChicago, Ohio State, Cornell, Rochester, Iowa). GUIDANCE row: near-universal at research universities. mechanism_type=research_grant is a proxy - this row represents the internal LIMITED-SUBMISSION NOMINATION PROCESS itself (a gatekeeping mechanism), not a funding award. submission_path=institutional_nomination_limited is the defining field. Underlying external awards span research grants, instrumentation (NSF MRI, NIH S10), center/training grants, and foundation prizes.",unspecified,"n/a - this is an internal nomination GATEWAY, not itself a purse; the eventual award is the external sponsor's (varies widely, from ~$50k foundation awards to multi-$M instrumentation/center grants).",n/a (gateway process); underlying external award duration varies.,host_country_institution_required,,Whenever a capped external opportunity is posted; anyone eligible for that external program may enter the internal competition.,none,n/a,FALSE,,institutional_nomination_limited,"n/a (nomination process; any prior-funding limits come from the downstream external program, not the internal competition).",none,"Gate is being an eligible PI at the institution for an external program that caps the number of applications per institution. The research-development office posts the opportunity, collects short internal pre-proposals, convenes a faculty/associate-dean review panel when entries exceed the funder's cap, and the VP for Research selects the nominee(s). Anchor rule (UMN RIO), verified 2026-07: 'Approval from RIO must be obtained before applying to a limited submission opportunity,' and proposals 'should not be submitted to any limited submission opportunities without going through the UMN limited submission process.'",rolling,unspecified,"Internal panel scores on scientific merit, fit to the sponsor's stated criteria, and alignment with institutional strategic priorities; the VP for Research makes the final nomination.",,guidance,https://research.umn.edu/funding-awards/limited-submissions-program,medium,2026-07-18,unknown,,,,,2026-07-18,2026-07-18,2026-07-18,2026-07-18,"Not a source of institutional money - it allocates the scarce right to APPLY externally. Included because submission_path=institutional_nomination_limited is a distinct, filterable access pattern researchers must navigate. Cadence is rolling because opportunities post throughout the year, usually ~3 months before the sponsor deadline."
Amazon Research Awards (ARA),Amazon,industry,United States,"early_career_faculty, midcareer, senior_established",research_grant,research_project,"computing_math, engineering",Fund academic research aligned with Amazon's areas of interest via one-time unrestricted cash gifts and AWS Promotional Credits.,"Cash awards are structured as one-time UNRESTRICTED GIFTS to the PI's institution (not grants/contracts), often paired with AWS Promotional Credits. Multiple topic-specific calls per year, hence irregular cadence. AUDIT 2026-07-18: program rules confirm the unrestricted-gift + AWS-credit structure, one-proposal-per-call limit, and that dollar amounts are set at Amazon's sole discretion (undisclosed).",hypothesis_driven_mature,One-time unrestricted cash gift to the institution plus AWS Promotional Credits; all amounts determined by Amazon in its sole discretion and not disclosed on the funder page (historically up to ~$100k total incl. credits (est.)),unspecified (one-time award),host_country_institution_required,,Full-time faculty at an accredited academic institution (or permanent researcher at a qualifying nonprofit),none,n/a,TRUE,"Multiple research areas incl. ML, computer vision, robotics, sustainability, security/privacy, conversational AI, automated reasoning",individual_direct,"no: no prior-award exclusion, but limited to one proposal per call period",none,PI must be full-time faculty at an accredited institution (or permanent researcher at a 501(c)(3)-equivalent NGO); one proposal per call period. Void in sanctioned jurisdictions. No Amazon employment in the preceding 12 months; no immediate family/household of Amazon employees; no Amazon cloud-procurement decision authority. Confirmed on funder page.,irregular,unspecified,Fit to the call's research area and scientific merit; reviewed by Amazon scientists (specific rubric not published).,,enumerated,https://www.amazon.science/research-awards/program-rules,high,2026-07-18,unknown,,,,,2026-07-18,2026-07-18,2026-07-18,2026-07-18,"Research areas include ML, computer vision, robotics, sustainability, security/privacy/abuse prevention, conversational AI, and automated reasoning. Founded 2015; merged with AWS ML Research Awards in 2020."
Apple Scholars in AI/ML,Apple,industry,United States,graduate_predoc,fellowship,"salary_stipend, research_project, training",computing_math,Support emerging leaders in AI/ML research through funding as they pursue their PhDs.,"Award amount and duration are not publicly disclosed on Apple's page (confidence medium). Nomination via invited universities only. AUDIT 2026-07-18: 2026 recipients page confirms the program is active (seventh year), university-nominated, and open to invited institutions; monetary amount genuinely undisclosed.",career_training,unspecified (fellowship funding toward PhD research; amount not published by Apple),unspecified,host_country_institution_required,,PhD students at invited institutions,none,n/a,TRUE,Artificial intelligence and machine learning,institutional_nomination_limited,unspecified,none,"University-nominated; open only to invited institutions (limited submission at participating schools). Students do not apply directly. Confirmed on funder page (2026 cycle, program's seventh year).",annual,unspecified,"Innovative research, leadership, and commitment to advancing the field (per program page).",,enumerated,https://machinelearning.apple.com/updates/apple-scholars-aiml-2026,medium,2026-07-18,unknown,,,,,2026-07-18,2026-07-18,2026-07-18,2026-07-18,"2026 focus areas span AI for health, IR/knowledge, ML theory, ML algorithms/architectures, human-centered AI, data-centric AI, privacy-preserving ML, speech/NLP, interactive ML & agents, ethics/fairness, computer vision, accessibility."
Industry Consortia / Industrial Affiliate (Liaison) Programs,Corporate affiliate/consortium members (membership fees to a university center),industry,United States,no_stage_restriction,research_grant,"research_project, community",domain_agnostic,"Provide membership-based, largely unrestricted support to a university research center/consortium in exchange for early access to research, faculty/student networking, and recruiting.","GUIDANCE row (sourced to Stanford's industrial affiliate programs as a reference). Examples: MIT Industrial Liaison Program; Stanford industrial affiliate programs; NSF I/UCRC centers. Membership fees are typically unrestricted support to the center (non-project-specific), distinguishing them from SRAs (project-specific) and gifts (no return benefit). Fee ranges are estimates. AUDIT 2026-07-18: Stanford page confirms the membership model ('any interested company may join'; members receive facilitated access, meetings, reports, recruiting; fees provide unrestricted support).",coordinated_network,"Annual membership fees, commonly ~$25k-$150k per member per year depending on program/tier (est.)","Annual, renewable membership",host_country_institution_required,,Faculty/centers at the host institution benefit; any company may join by paying membership fees,none,n/a,FALSE,,other,no,none,"Membership-based: corporate members pay annual fees providing largely unrestricted support to a center/lab and receive facilitated access to research programs, faculty and students, annual meetings, reports, and recruiting. Any interested company may join (confirmed on Stanford reference).",rolling,unspecified,No competitive review; membership-based access (fee for affiliation).,,guidance,https://industrialaffiliate.stanford.edu/industrial-affiliate-programs,medium,2026-07-18,unknown,,,,,2026-07-18,2026-07-18,2026-07-18,2026-07-18,Also encompasses precompetitive research consortia (multiple companies co-funding a shared research agenda).
Unrestricted / Restricted Industry Gifts (corporate philanthropy to research),Corporate donors (via university advancement/development office),industry,United States,no_stage_restriction,research_grant,research_project,domain_agnostic,"Provide philanthropic support to a researcher, unit, or research area with no deliverables and no sponsor control over results.","GUIDANCE row (sourced to UCI's gift-vs-grant reference). Classified under mechanism_type=research_grant only as the nearest schema value; substantively it is a philanthropic GIFT (corporate philanthropy), NOT a grant/contract. Accessed via University Advancement, not the sponsored programs office. Amazon Research Awards cash is a real-world award structured as an unrestricted gift. AUDIT 2026-07-18: UCI Office of Research page confirms gift markers (no deliverables/IP, no funder direction, minimal reporting).",unspecified,"Highly variable, donor/relationship-dependent (est.)",N/A (one-time or pledged; no performance period),host_country_institution_required,,Any faculty/unit designated by the donor; processed via the institution's advancement/development office,none,n/a,FALSE,,other,no,none,"Not competitive; donor-directed. A gift confers NO deliverables, no detailed budget/reporting, no sponsor IP rights, and typically waived/reduced indirect costs. Distinguished from sponsored research by the absence of a defined scope of work and of a return benefit to the funder. Confirmed by UCI reference.",rolling,unspecified,No competitive review; donor discretion plus institutional gift-acceptance/compliance review.,,guidance,https://research.uci.edu/sponsored-projects/gift-vs-grant/,medium,2026-07-18,unknown,,,,,2026-07-18,2026-07-18,2026-07-18,2026-07-18,"Key gift markers: no deliverables, no return benefit to funder, low/no F&A, donor cannot control results."
Google PhD Fellowship Program,Google,industry,United States,graduate_predoc,fellowship,"salary_stipend, training, research_project","computing_math, engineering",Recognize and support outstanding graduate students pursuing doctoral research in computer science and related fields.,"Global program administered across regions with region-specific eligibility and award amounts; funds are paid to the Fellow's university. Row reflects US/Canada terms for the United States jurisdiction. AUDIT 2026-07-18: funder page confirms $85k/yr, up to 2 years, up to 4 nominees per US/Canada university, and the four stated review criteria.",career_training,"US/Canada region: US $85,000 per year toward tuition/fees, living expenses, travel, and equipment (effective 2025 for new recipients; confirmed on funder page)",Up to 2 years (US/Canada region),host_country_institution_required,,US/Canada: must have completed graduate coursework in the PhD by the award year; enrolled full-time for the fellowship duration,none,n/a,TRUE,"Computer science and adjacent research areas (ML, systems, HCI, NLP, quantum, health, security)",institutional_nomination_limited,"yes: students already receiving a comparable industry fellowship, and past Google Fellowship recipients, are ineligible; Google employees/household members ineligible",none,Nomination-based; direct student applications not accepted. US/Canada universities may nominate up to 4 students (confirmed on funder page). Eligibility and award amounts vary across global regions; this row reflects the US/Canada region.,annual,unspecified,"Strength of the research proposal, research impact, student academic achievements, and leadership potential (essay responses also evaluated in US/Canada, East Asia, Latin America). Confirmed on funder page.",,enumerated,https://research.google/programs-and-events/phd-fellowship/,high,2026-07-18,unknown,,,,,2026-07-18,2026-07-18,2026-07-18,2026-07-18,Covered fields: computer architecture; algorithms/optimization; health; HCI; ML & ML foundations; machine perception; NLP; privacy/safety/security; quantum computing; software engineering/PL; systems/networking/cloud.
IBM PhD Fellowship Awards,IBM,industry,United States,graduate_predoc,fellowship,"salary_stipend, research_project, training","computing_math, engineering, physical_sciences",Recognize and support outstanding PhD students working in areas of mutual interest to IBM.,"Faculty-nominated (by invitation) rather than direct student application; award amount and duration are per academic year. AUDIT 2026-07-18: funder page documents the 2025 cycle (Fall 2025 + Spring 2026) with confirmed amounts; program is standing (contrast with Meta, dropped).",career_training,"US universities: $40,000 (covers Fall + Spring); international: $6,000-$25,000 by country. Confirmed on funder page.",One academic year (Fall + Spring); reset each cycle,open_any_nationality,,Nominated within two years of estimated graduation; enrolled full-time over the academic year of the award,none,n/a,TRUE,"IBM focus areas (AI, hybrid cloud, quantum computing, semiconductors/hardware, security)",institutional_nomination_limited,unspecified,none,Faculty nomination required and by invitation only (students cannot self-nominate); nominators must be doctoral faculty. IBM employees/contractors may not nominate. Students at institutions in US-embargoed countries are ineligible. Confirmed on funder page.,annual,unspecified,"Alignment with IBM focus areas, potential for research excellence, academic standing, publications, and faculty endorsements.",,enumerated,https://research.ibm.com/university/awards/fellowships-faq.html,high,2026-07-18,unknown,,,,,2026-07-18,2026-07-18,2026-07-18,2026-07-18,"Focus areas include AI, hybrid cloud, quantum computing, semiconductors/hardware, and security. Recipients often paired with an IBM mentor/internship."
Industry Sponsored Research Agreements (incl. Master Research Agreements),"Industry sponsors (relationship-driven, via university contracting office)",industry,United States,no_stage_restriction,contract,research_project,domain_agnostic,"Fund a defined scope of research at the university directed toward the sponsor's interests, under a negotiated contract with deliverables, reporting, and IP terms.","GUIDANCE row (not a single named program; sourced to MIT OSATT as an authoritative reference). A MASTER RESEARCH AGREEMENT (MRA) is an umbrella framework negotiated once with a repeat corporate partner, under which multiple projects/task orders execute without renegotiating core terms (IP, publication, liability); individual ISRAs/SRAs define scope/budget per project. SRA and MRA merged into one row to stay within the row ceiling. AUDIT 2026-07-18: MIT OSATT page confirms ISRAs and MRAs as authoritative institutional references.",hypothesis_driven_mature,"Highly variable - tens of thousands to several million dollars per project, relationship-dependent (est.)",Project-defined (commonly 1-3 years); a Master Research Agreement sets multi-year umbrella terms,host_country_institution_required,,Any faculty PI whose institution executes a sponsored research agreement with the company,none,n/a,FALSE,,other,no,none,Not a competitive program - access is RELATIONSHIP-DRIVEN. Initiated by faculty-company contact and negotiated through the institution's sponsored research / industry contracts office. Full indirect cost (F&A) rate typically applies; sponsor receives defined deliverables and negotiated IP rights.,rolling,unspecified,No formal competitive review; sponsor internal decision plus institutional contract/IP/compliance review.,,guidance,https://osatt.mit.edu/engagements,medium,2026-07-18,unknown,,,,,2026-07-18,2026-07-18,2026-07-18,2026-07-18,"Distinguished from gifts by: defined scope of work, deliverables/reporting, IP provisions, and full F&A. Typical ranges are estimates; actual amounts vary widely."
Microsoft Research Fellowship (formerly Microsoft Research PhD Fellowship),Microsoft,industry,United States,"graduate_predoc, postdoc, early_career_faculty, midcareer, senior_established",fellowship,"research_project, salary_stipend","computing_math, engineering, physical_sciences","Create opportunities for faculty, PhD students, and postdocs to collaborate with Microsoft Research on open research challenges that advance science and benefit society.","DRIFT CONFIRMED (AUDIT 2026-07-18): funder page verifies this unified 'Microsoft Research Fellowship' (2026 cycle) has replaced the legacy multi-year 'Microsoft Research PhD Fellowship' (and Ada Lovelace Fellowship). It is a challenge-based, direct-application, ONE-TIME collaboration award ($47k US/Canada, $27k Europe, $17k other), distributed as an unrestricted gift to the institution in March/April 2026, spanning PhD students, postdocs, and faculty. Labeled a fellowship per branding though it functions as a research-collaboration award. Original row was accurate.",career_training,"Canada/US: $47,000 (one-time); Europe: $27,000; other regions: $17,000. Distributed as a one-time unrestricted gift to the institution (~March/April). Confirmed on funder page.","One-time award (single disbursement, ~March/April 2026)",host_country_institution_required,,"Employed or enrolled at a degree-granting university in an eligible region (incl. US); specific challenges accept PhD students, postdocs, faculty, or a combination",none,n/a,TRUE,"Open research challenges across Microsoft Research areas (AI, computer vision, human language technologies, quantum, systems)",individual_direct,unspecified,none,"Direct (self-submitted) application; faculty proposals may name a student collaborator. Eligibility varies by challenge. Eligible regions include US, Canada, Europe, India, Asia-Pacific, Latin America, Africa, Australia/NZ. Confirmed on funder page.",annual,unspecified,Fit and quality of the proposal against the specific open research challenge; potential to advance science and benefit society.,,enumerated,https://www.microsoft.com/en-us/research/academic-program/microsoft-research-fellowship/,high,2026-07-18,unknown,,,,,2026-07-18,2026-07-18,2026-07-18,2026-07-18,"Challenges span Microsoft Research areas: AI, computer vision, human language technologies, quantum computing, systems, and others."
NVIDIA Graduate Fellowship Program,NVIDIA,industry,United States,graduate_predoc,fellowship,"salary_stipend, research_project, training","computing_math, engineering","Support exceptional PhD students conducting research relevant to GPU computing and its influence on future GPU design, performance, or use.","Applicants apply directly (not via institutional nomination) — confirmed on funder page. Fellowship year is the 9-month academic year; the mandatory summer internship precedes it. AUDIT 2026-07-18: 'Submissions now CLOSED' on the page reflects a between-cycle window, not discontinuation; standing annual program.",career_training,"Up to $60,000 per award (stipend, tuition, and mandatory fees). Confirmed on funder page.","One academic year (9 months), preceded by a required paid summer internship",open_any_nationality,,"Must have completed at least the first year of PhD study at time of application; enrolled full-time during the fellowship year (funder page references 2026-2027 academic year, graduation no sooner than May/June 2027)",none,n/a,TRUE,"GPU-relevant computing: AI, robotics, autonomous vehicles, graphics, high-performance computing",individual_direct,unspecified,none,"Direct student application with professor nomination/recommendation letters. International students eligible; internship locations limited to US, Canada, Germany, Sweden, Finland, Switzerland, Israel, and Taiwan (confirmed on funder page).",annual,unspecified,"Quality and impact of the research proposal and its potential to influence the design, performance, or use of future GPUs; academic record; recommendation letters.",,enumerated,https://research.nvidia.com/graduate-fellowships,high,2026-07-18,unknown,,,,,2026-07-18,2026-07-18,2026-07-18,2026-07-18,"Focus areas: AI, robotics, autonomous vehicles, graphics, HPC and related GPU-relevant fields."
Pharmaceutical Investigator-Sponsored / Investigator-Initiated Studies (ISS/IIS) programs,"Pharmaceutical industry (Pfizer, Genentech/Roche, AstraZeneca, Gilead, Merck, et al.)",industry,United States,"early_career_faculty, midcareer, senior_established, physician_scientist",research_grant,research_project,biomedical_health,"Provide financial and/or study-drug support for independent studies where the external investigator serves as the study sponsor, within the company's therapeutic areas of interest.","FAMILY row spanning multiple companies' ISR/IIS programs (Pfizer ISR; Genentech/Roche IIS; AstraZeneca ESR; Gilead investigator-sponsored; Merck Investigator Studies Program). In ISS/IIS the EXTERNAL investigator (not the company) is the regulatory Sponsor - distinct from company-sponsored clinical trials. Sourced from Pfizer as representative; per-company terms, portals, and therapeutic areas differ, hence confidence medium. AUDIT 2026-07-18: Pfizer ISR confirmed active (global program, six therapeutic areas incl. internal medicine, batched review windows).",hypothesis_driven_mature,Varies by company and study; funding and/or study drug/compound support; amounts not publicly fixed,Study-dependent (varies),open_any_nationality,,Qualified investigators (typically physicians/researchers at an institution able to assume the study-sponsor role),none,n/a,TRUE,"Company-specific therapeutic areas; Pfizer's current six ISR areas (representative): oncology, rare disease, vaccines & antivirals, inflammation & immunology, internal medicine, anti-infectives",individual_direct,unspecified,none,Open broadly to researchers who will serve as the study Sponsor (assuming regulatory/sponsor obligations). Company approves scientific merit and alignment with its areas of interest; submitted via each company's grant portal. Application windows are batched and vary by company (confirmed for Pfizer: unsolicited requests accepted only within defined review cycles).,irregular,unspecified,"Scientific merit, feasibility, and alignment with the company's stated areas of interest; compliance/scientific-independence requirements apply.",,enumerated,https://www.pfizer.com/about/programs-policies/grants/investigator-sponsored-research,medium,2026-07-18,unknown,,,,,2026-07-18,2026-07-18,2026-07-18,2026-07-18,"Support may be cash, study drug/compound, or both. Therapeutic areas and submission windows vary by company."
Qualcomm Innovation Fellowship (QIF) - North America,Qualcomm,industry,United States,graduate_predoc,fellowship,research_project,"computing_math, engineering","Recognize and fund innovative PhD student research; foster Qualcomm's values of innovation, execution, and teamwork.",Award ($50k/entrant) is paid to the university department to fund the students' research expenses; two-person team structure. Limited to participating universities. Separate QIF tracks exist for other regions internationally. AUDIT 2026-07-18: funder page confirms the 2026 North America cohort with '16 winning teams' (matches selectivity).,career_training,"$50,000 per entrant (i.e., $100,000 per two-person team), paid to the university department; plus Qualcomm mentorship",One program year (Fall-Spring),host_country_institution_required,,PhD students enrolled for the entire program academic year; two-person teams; at least one member from EE/CS or a related department,none,n/a,FALSE,,institutional_nomination_limited,unspecified,none,Two-person teams; at least one member from Electrical Engineering/Computer Science or related department; enrolled in a PhD program for the full program year. Limited to participating (invited) universities.,annual,16 winning teams selected in the 2026 North America cohort (confirmed on funder page),Innovativeness of the proposal (the fellowship rewards the most innovative proposals); execution and teamwork.,,enumerated,https://www.qualcomm.com/research/university-relations/innovation-fellowship/2026-north-america,high,2026-07-18,unknown,,,,,2026-07-18,2026-07-18,2026-07-18,2026-07-18,"Participating universities include CMU, MIT, Princeton, Stanford, UC Berkeley, UCLA, UCSD, Columbia, Michigan, ASU, and others."
EMBO Postdoctoral Fellowships,European Molecular Biology Organization (EMBO),international_mobility,United States,postdoc,fellowship,"salary_stipend, research_project, career_development",life_sciences,"Fellowships supporting internationally mobile postdocs to carry out research in a new country, with international mobility as a defining criterion.",Formerly EMBO Long-Term Fellowships. Applications accepted year-round with periodic deadlines (cadence=rolling; next cutoff 22 Jan 2027). Geographic incoming/outgoing structure relative to EMBC member states is EMBO's established framework; core eligibility facts verified current (2026-07-18).,career_training,Salary or stipend (varies by host country) + relocation allowance + support for fellows with children,Up to 2 years,mobility_required,2,PhD obtained within 2 years before the application submission date,none,n/a,FALSE,,individual_direct,"no explicit award exclusion; bounded by <=2 yrs since PhD. Confirmed policy change: from the Autumn 2027 round only one EMBO Fellowship application is permitted per applicant, and (from Autumn 2026) a host lab may support only one candidate per round.",none,"All nationalities. INTERNATIONAL MOBILITY is a hard requirement: the application must involve movement between countries; applicants may not go to the country where the PhD was obtained, return to a lab where they worked >6 months, or work with their original PhD supervisor. A first-author refereed preprint counts as a first-author publication. Mobility, up-to-2-yr duration, rolling-with-deadline cadence, and the one-application rule confirmed on current EMBO page (2026-07-18).",rolling,Highly competitive; rate unspecified,"EMBO review: scientific quality and originality of the project, the applicant's track record and potential, and the training/mobility value of the proposed move.",,enumerated,https://www.embo.org/funding/fellowships-grants-and-awards/postdoctoral-fellowships/,high,2026-07-18,unknown,,,,,2026-07-18,2026-07-18,2026-07-18,2026-07-18,US relevance chiefly for outgoing Europe-to-US and incoming US-to-Europe moves.
EMBO Young Investigator Programme (YIP),European Molecular Biology Organization (EMBO),international_mobility,United States,early_career_faculty,career_development_award,"career_development, community",life_sciences,"Recognition-and-support programme for outstanding early-career life-science group leaders, providing networking, mentoring, and training within the EMBO Young Investigator network.",Included per task specifically to flag the geographic eligibility constraint. Not a research grant - it is a career-development/network membership with modest networking funds. citizenship_residency=host_country_institution_required captures the lab-location gate; institution_type_restriction=other reflects the EMBC/Global-Partner-country requirement. Group-leader window (1-4 yr) and last-author-pub requirement verified current (2026-07-18); an earlier unverifiable '24-28 per round' selectivity figure was removed.,career_training,"Financial support for networking over 4 years plus mentoring, training, and access to EMBO/EMBL resources and core facilities; exact amount unspecified",4 years,host_country_institution_required,,Independent research group leader for at least 1 and no more than 4 years at the pre-application deadline; no age or years-since-PhD limit,none,n/a,FALSE,,individual_direct,unspecified,other,"GEOGRAPHIC GATE (key filter, confirmed on current eligibility page): the applicant's independent lab must be located in an EMBC Member State, EMBC Associate Member State, or an EMBO Global Partner (e.g., India, Singapore, Taiwan, Chile). U.S.-based group leaders are GENERALLY NOT ELIGIBLE because the USA is not an EMBC member/associate state or Global Partner; a U.S. researcher qualifies only if they run a lab in an eligible country. Requires >=1 last-author peer-reviewed publication (or verified peer-reviewed preprint) from the independent group.",annual,Highly competitive; small annual cohort (exact rate unspecified),EMBO selection: excellence of the research track record and scientific achievements as an independent group leader.,,enumerated,https://www.embo.org/funding/fellowships-grants-and-career-support/young-investigator-programme/eligibility/,high,2026-07-18,unknown,,,,,2026-07-18,2026-07-18,2026-07-18,2026-07-18,Primary reason for inclusion is to document that U.S.-based PIs are generally excluded.
Fulbright U.S. Scholar Program,"Fulbright Program (U.S. Department of State, Bureau of Educational and Cultural Affairs)",international_mobility,United States,"postdoc, early_career_faculty, midcareer, senior_established",fellowship,"research_project, salary_stipend, career_development",domain_agnostic,"Support U.S. scholars to teach, conduct research, or carry out professional projects abroad to promote international understanding and cooperation.","Umbrella program with 380+ awards; concrete eligibility (career stage, degree recency, teaching vs research) is set per individual country/award. Row captures the durable standing program, not a single country award. Verified current on fulbrightscholars.org (2026-07-18).",unspecified,Varies by country/award (monthly living stipend + travel and benefits); no single fixed amount published,Several months to a full academic year,citizen_national_pr_required,,Varies by award type (Early Career: <=7 yrs experience; Mid-Career: >7 and <13 yrs; Senior: >13 yrs; Distinguished: >7 yrs; Postdoctoral: doctorate conferred within 5-7 years before award start),none,n/a,FALSE,,individual_direct,yes: recipients must wait two years after completing a prior Fulbright award before reapplying,none,"U.S. citizenship required by the application deadline; permanent residency is NOT sufficient (confirmed on current page). Ineligible if resided abroad 5+ of the preceding 6 years (9+ months in a calendar year counts as a full year). Grantee goes abroad to teach, research, or pursue a professional project in one of 120+ countries. Career-stage and degree-recency requirements vary by the specific country/award (Early Career, Mid-Career, Senior, Distinguished, Postdoctoral).",annual,380+ awards across 120+ countries (confirmed on funder page); per-award rate unspecified,"Discipline peer-review panels plus binational commission/post review: quality and feasibility of the project, applicant qualifications, and contribution to the Fulbright objective of mutual understanding.",,enumerated,https://fulbrightscholars.org/us-scholar-awards,high,2026-07-18,unknown,,,,,2026-07-18,2026-07-18,2026-07-18,2026-07-18,"Administered by IIE/CIES for State Dept ECA. Award variants by country and by type (Teaching, Research, Teaching/Research, Distinguished Scholar, Postdoctoral)."
Fulbright U.S. Student Program,"Fulbright Program (U.S. Department of State, Bureau of Educational and Cultural Affairs)",international_mobility,United States,"undergraduate, graduate_predoc",fellowship,"research_project, training, salary_stipend",domain_agnostic,"Grants for U.S. graduating seniors, graduate students, and young professionals to study, conduct research, or teach English abroad.","Grant types are variants of one program: Study/Research Awards (incl. creative/performing arts), English Teaching Assistant (ETA), Fulbright-National Geographic, and Fulbright-Fogarty (public health). Study/Research vs ETA differ in purpose but share core eligibility, so collapsed to one standing-program row. Verified current on us.fulbrightonline.org (2026-07-18).",career_training,"Varies by country/award; covers living stipend, travel, and support",Typically one academic year (varies by award),citizen_national_pr_required,,Bachelor's degree by award start; no Ph.D.; non-enrolled applicants typically <=7 years of professional experience in the field,none,n/a,FALSE,,individual_direct,Applicants may not already hold a Ph.D.; prior Fulbright U.S. Student grantees are lower priority for a second grant,none,"U.S. citizen by award start; must hold a bachelor's by start and NOT hold a Ph.D. (confirmed on current page). Currently enrolled undergraduate/graduate students apply through their home-campus Fulbright Program Adviser (endorsement, not a capped nomination); graduating seniors, young professionals with limited experience (typically <=7 yrs), and artists may apply directly (at-large). Grantee goes abroad to 140+ partner countries.",annual,Highly competitive; rate unspecified,"National Screening Committee plus host-country review: academic/professional record, feasibility and merit of the proposed project, and promotion of mutual understanding.",,enumerated,https://us.fulbrightonline.org/about/fulbright-us-student-program,high,2026-07-18,unknown,,,,,2026-07-18,2026-07-18,2026-07-18,2026-07-18,"Enrolled students apply through campus; at-large applicants apply directly. Partnership awards (Nat Geo, Fogarty) are sub-variants."
DAAD Research Grants (for U.S./Canadian applicants),German Academic Exchange Service (DAAD),international_mobility,United States,"graduate_predoc, postdoc",fellowship,"salary_stipend, research_project, training",domain_agnostic,Grants for U.S./Canadian doctoral candidates and postdocs to conduct a short- or long-term research stay in Germany.,"Row captures the standing Research Grants mechanism offered through the DAAD North America (New York) office. Applications open in spring and fall cycles. citizenship_residency=mobility_required per the international_mobility framing (research stay in Germany), with the US/Canada citizen-or-PR gate recorded in eligibility_notes. Confidence lowered to medium: overview fetch did not restate the US/Canada citizenship gate.",career_training,Monthly stipend set by DAAD (varies by career stage) plus health insurance and travel allowance; exact euro amount unspecified on the program page,Short-term 2-6 months (postdocs) / 2-12 months (doctoral); long-term up to ~4 years for full doctoral study in Germany,mobility_required,,Doctoral candidates and postdocs; must not have lived in Germany >15 consecutive months by the application deadline,none,n/a,FALSE,,individual_direct,no (former DAAD grantees may apply for Return Grants; standard rules apply),none,"Applicant must be a citizen or permanent resident of the USA or Canada (or a foreign national residing in the US/Canada by the deadline), typically enrolled/employed at a U.S./Canadian institution. MOBILITY: the research must be carried out IN GERMANY at a host institution. Variants include One-Year Research Grants, Short-Term Research Grants, Research Stays for established scholars, and bi-nationally supervised (Cotutelle) doctoral grants. Program and Germany-mobility confirmed on daad.org overview (2026-07-18); the specific US/Canada citizenship gate was not surfaced on the fetched overview, hence medium confidence.",annual,unspecified,"DAAD selection: academic record and qualifications, quality and feasibility of the research project, and the strength of the German host affiliation.",,enumerated,https://www.daad.org/en/find-funding/graduate-opportunities/research-grants/,medium,2026-07-18,unknown,,,,,2026-07-18,2026-07-18,2026-07-18,2026-07-18,DAAD also runs the AICGS/AGI Research Fellowship and the German Studies Research Grant (distinct mechanisms). Exact monthly rates set by DAAD and not published on the fetched overview page.
HFSP Cross-Disciplinary Fellowship (CDF),Human Frontier Science Program (HFSPO),international_mobility,United States,postdoc,fellowship,"salary_stipend, research_project","life_sciences, physical_sciences, computing_math, engineering","Fellowship enabling researchers with a non-biological doctorate to bring their expertise into the life sciences, in a new country.","Identical terms to LTF except the filterable eligibility gate on PhD discipline (non-biological required), which is why it is a separate row. Verified current (2026-07-18).",career_training,Living allowance varies by host country; plus research/travel allowance and child/parental/relocation allowances,"3 years (36 months), non-renewable",mobility_required,3,"PhD conferred no more than 3 years before the full-proposal deadline (e.g., not before 24 Sep 2023 for a 24 Sep 2026 deadline); limited exemptions for career interruptions",none,n/a,FALSE,,individual_direct,no explicit disqualifying-award list; bounded by degree recency (<=3 yrs since PhD) and mobility rules,none,"All nationalities eligible. Restricted to holders of a doctorate from a NON-biological discipline (physics, chemistry, mathematics, engineering, computer science) with little or no prior life-sciences experience, moving into life-sciences research. >=1 lead-author publication. Same MOBILITY rule as LTF: new host country != nationality and != PhD country; <=12 months prior in the host country. Confirmed on current HFSP page (2026-07-18).",annual,Highly competitive (~50-60 fellowships/yr across LTF+CDF combined); rate unspecified,"HFSP review committee: scientific excellence, novelty/frontier and interdisciplinary character, applicant potential, and the value of the disciplinary shift into life sciences plus mobility.",,enumerated,https://www.hfsp.org/funding/hfsp-funding/postdoctoral-fellowships,high,2026-07-18,unknown,,,,,2026-07-18,2026-07-18,2026-07-18,2026-07-18,CDF = non-biological-discipline PhDs entering life sciences.
HFSP Long-Term Fellowship (LTF),Human Frontier Science Program (HFSPO),international_mobility,United States,postdoc,fellowship,"salary_stipend, research_project",life_sciences,"Fellowship for early postdocs holding a life-sciences PhD to pursue a novel, frontier project that shifts direction from their doctoral work, in a new country.","Frontier/novel basic life-science emphasis. Differs from the Cross-Disciplinary Fellowship only by the applicant's PhD discipline (biological vs non-biological) - a filterable eligibility difference - so kept as a separate row. 3-yr window, mobility, lead-author pub, 36-mo non-renewable all verified current (2026-07-18).",career_training,Living allowance varies by host country; plus research/travel allowance and child/parental/relocation allowances,"3 years (36 months), non-renewable",mobility_required,3,"PhD conferred no more than 3 years before the full-proposal deadline (e.g., not before 24 Sep 2023 for a 24 Sep 2026 deadline); limited exemptions for career interruptions",none,n/a,FALSE,,individual_direct,no explicit disqualifying-award list; bounded by degree recency (<=3 yrs since PhD) and mobility rules,none,"All nationalities eligible. Requires a PhD on a biological topic and >=1 lead-author full-length peer-reviewed publication in English. MOBILITY REQUIRED: must move to a host country different from both nationality AND PhD country, and cannot have spent >12 months previously in the proposed host country. U.S. relevance is strong (either incoming to a U.S. host lab from abroad, or a U.S.-trained researcher moving abroad). All confirmed on current HFSP page (2026-07-18).",annual,Highly competitive (~50-60 fellowships/yr across LTF+CDF combined); rate unspecified,"HFSP review committee: scientific excellence, novelty/frontier and interdisciplinary character of the project, applicant potential, and the value of the proposed change of research direction and mobility.",,enumerated,https://www.hfsp.org/funding/hfsp-funding/postdoctoral-fellowships,high,2026-07-18,unknown,,,,,2026-07-18,2026-07-18,2026-07-18,2026-07-18,LTF = biological-discipline PhDs. CDF (separate row) covers non-biological PhDs entering life sciences; terms otherwise identical.
HFSP Research Grant - Early Career,Human Frontier Science Program (HFSPO),international_mobility,United States,early_career_faculty,research_grant,research_project,life_sciences,"Grants for interdisciplinary international teams of early-stage independent researchers to tackle fundamental biological problems with novel, high-risk approaches.","Early-career variant of HFSP Research Grants; differs from Program Grants only on the filterable career-stage cap (<=5 yrs independent, <=10 yrs since PhD). Award amounts marked est. (not shown on current page).",exploratory_highrisk,"Fixed sum by team size (est.): ~$300k/yr (2 members), ~$400k/yr (3), ~$500k/yr (4); exact amounts not published on the current grants page",3 years,other,10,All team members within 5 years of obtaining an independent position AND within 10 years of their first doctorate at the LOI deadline (parental/medical/military leave excepted),none,n/a,FALSE,,individual_direct,unspecified,none,"Same team/country/international rules as Program Grants (2-4 independent lab heads in different countries, preferably intercontinental; PI in an HFSPO member country incl. USA), BUT every member must be within 5 years of obtaining an independent position AND within 10 years of their first doctorate (exceptions for parental/medical/military leave). Career-stage window confirmed on current HFSP grants page (2026-07-18).",annual,Highly competitive; two-stage LOI + invited full proposal; rate unspecified,"HFSP review: scientific excellence, novelty and high-risk/frontier nature, interdisciplinarity, and the added value of the international collaboration.",,enumerated,https://www.hfsp.org/funding/hfsp-funding/research-grants,high,2026-07-18,unknown,,,,,2026-07-18,2026-07-18,2026-07-18,2026-07-18,US-based early-career PIs eligible as Principal Applicant (USA is an HFSPO member country).
HFSP Research Grant - Program,Human Frontier Science Program (HFSPO),international_mobility,United States,no_stage_restriction,research_grant,research_project,life_sciences,"Grants for interdisciplinary international teams to address fundamental biological problems with novel, high-risk collaborative approaches.","Program Grants = any career stage. Differs from Early Career Grants only on the filterable career-stage cap, hence separate rows. Award is a fixed sum by team size (exact amounts not shown on current page; figures marked est.). citizenship_residency set to 'other' because the requirement is a cross-border team (with a PI in an HFSPO member country incl. USA), not individual mobility.",exploratory_highrisk,"Fixed sum by team size (est.): ~$300k/yr (2 members), ~$400k/yr (3), ~$500k/yr (4); exact amounts not published on the current grants page",3 years,other,,Any career stage,none,n/a,FALSE,,individual_direct,unspecified,none,"Teams of 2-4 independent researchers, each directing a lab and holding a doctorate (PhD/MD/equiv), based in DIFFERENT countries (international, preferably intercontinental; normally one member per country). Any career stage. The Principal Applicant must have a lab in an HFSPO member country - which includes the USA - while Co-Applicants may be in any country. Teams with all members in one country are ineligible. Constraint is cross-border TEAM composition, not personal relocation. Team/country/PI-location rules confirmed on current HFSP grants page (2026-07-18).",annual,Highly competitive; two-stage LOI + invited full proposal; rate unspecified,"HFSP review: scientific excellence, novelty and high-risk/frontier nature, interdisciplinarity, and the added value of the international collaboration.",,enumerated,https://www.hfsp.org/funding/hfsp-funding/research-grants,high,2026-07-18,unknown,,,,,2026-07-18,2026-07-18,2026-07-18,2026-07-18,US-based PIs eligible as Principal Applicant (USA is an HFSPO member country).
NATO Science for Peace and Security (SPS) Programme - Multi-Year Projects,NATO Science for Peace and Security (SPS) Programme,international_mobility,United States,no_stage_restriction,research_grant,"research_project, community",domain_agnostic,"Grants funding civil, security-related applied R&D collaboration between scientists and experts in NATO member and partner countries.","SPS also funds smaller event-based grants - Advanced Research Workshops (ARW), Advanced Training Courses (ATC), and Advanced Study Institutes (ASI) - which are distinct, lower-value mechanisms (travel_conference/training in character). This row captures the flagship Multi-Year Project (applied R&D) mechanism. Classified as research_grant (collaborative applied R&D), not cooperative_agreement, since NATO's role is priority-setting/oversight rather than NIH-U-series-style co-execution. citizenship_residency=other because the gate is a bi-national co-director requirement, not personal relocation.",translational_productdev,"~EUR 400,000 for a 36-month Multi-Year Project (est.; amount not restated on current SPS pages); higher budgets considered if justified",24-36 months,other,,Any career stage (established scientist/expert able to co-direct a project),none,n/a,TRUE,"SPS Key Priorities (civil, security-related science; 14 Key Priorities as of 2024): emerging/advanced and disruptive technologies, cyber defence, counter-terrorism, CBRNE defence, energy and environmental/climate security, and support to NATO operations",individual_direct,unspecified,none,"Each activity requires TWO co-directors: a NATO-country Project Director (NPD) resident and employed in a NATO member country - U.S.-based researchers qualify as NPDs - AND a Partner-country Project Director (PPD) resident and employed in an eligible NATO partner country; the proposal must be developed jointly. Cross-border NATO-plus-partner collaboration is mandatory. Activity must address at least one SPS Key Priority (security-related). SPS Key Priorities confirmed current on nato.int (14 priorities as of 2024); exact MYP amount and NPD/PPD co-director wording not restated on the fetched pages, hence medium confidence.",irregular,unspecified,"SPS assessment: scientific merit, relevance to SPS Key Priorities and NATO's strategic objectives, and the practical/security impact of the NATO-partner cooperation.",,enumerated,https://www.nato.int/en/about-us/organization/nato-structure/science-for-peace-and-security-hub/science-for-peace-and-security-programme,medium,2026-07-18,unknown,,,,,2026-07-18,2026-07-18,2026-07-18,2026-07-18,Calls for proposals are issued periodically (cadence=irregular). U.S. researchers participate as NATO-country Project Directors; a partner-country co-director is mandatory. Amount and co-director details carried forward as est. pending a live NOFO/call check.
Schmidt Science Fellows,"Schmidt Science Fellows (Schmidt Sciences, in partnership with the Rhodes Trust)",international_mobility,United States,"postdoc, transition",fellowship,"salary_stipend, career_development, research_project","physical_sciences, life_sciences, engineering, computing_math","Interdisciplinary postdoctoral fellowship enabling emerging scientists to pivot from their PhD discipline into bold new fields, with a global placement and a science-leadership development program.","Nomination-gated limited submission via partner institutions (submission_path=institutional_nomination_limited; institution_type_restriction=other for the nominating-partner requirement). Supports international mobility through global placement, though the mandatory change is disciplinary rather than a required country change - hence citizenship_residency=open_any_nationality with the pivot noted. Stipend marked est. (not restated on current pages).",career_training,"US$110,000/yr personal stipend (est.; historically published amount, not restated on the current eligibility pages) plus program support",1-2 year postdoctoral placement,open_any_nationality,,"PhD requirements (incl. successful defense) completed within a defined window (between 1 May 2026 and 30 June 2027 for the 2027 cohort, per current page)",none,n/a,FALSE,,institutional_nomination_limited,unspecified (targets researchers completing the PhD),other,"No stated citizenship restriction (globally open; fellows are selected from many countries). Must be completing a PhD in natural sciences (astronomy, biology, chemistry, physics, earth sciences), engineering, mathematics, or computing; pivots into social/political science or economics are ineligible (confirmed on current page). CORE REQUIREMENT: a genuine disciplinary PIVOT - the postdoctoral placement must be in a field different from the PhD, at a research environment of the fellow's choice anywhere in the world (different from the PhD institution). Applicants must be NOMINATED by their PhD-awarding institution, which must be a Schmidt nominating partner (limited submission). PhD-field, pivot, nomination, and PhD-completion window all verified current (2026-07-18).",annual,Highly selective (roughly 30 fellows/yr globally); rate unspecified,"Schmidt selection: scientific excellence, readiness and motivation to pivot beyond the PhD discipline, interdisciplinary thinking, learning agility, comfort with scientific risk, and leadership potential.",,enumerated,https://schmidtsciencefellows.org/selection/who-can-apply/,high,2026-07-18,unknown,,,,,2026-07-18,2026-07-18,2026-07-18,2026-07-18,"Stipend US$110,000/yr (est.). 1-2 yr placement. Run by Schmidt Sciences with the Rhodes Trust. Nationality-openness is well established but not explicitly restated on the fetched page."
Fulbright-Hays Doctoral Dissertation Research Abroad (DDRA),U.S. Department of Education (International and Foreign Language Education),international_mobility,United States,graduate_predoc,fellowship,"research_project, training","social_sciences, humanities","Fellowships for doctoral candidates to conduct dissertation research abroad in modern foreign languages and area studies, building U.S. expertise on world areas.","Legal applicant is the U.S. institution of higher education, which selects and forwards fellows via a campus Project Director; substance is an individual dissertation fellowship. CFDA 84.022A. ed.gov URL verified current (2026-07-18).",career_training,"~$37,000-$43,000 (est.; recent average awards per ed.gov: FY2023 ~$38,923, FY2022 ~$37,504, FY2021 ~$42,745); covers travel, maintenance, dependents allowance, project costs, and insurance",6 to 12 months (non-renewable),citizen_national_pr_required,,Graduate student admitted to doctoral candidacy at a U.S. institution,none,n/a,TRUE,Modern foreign languages and area studies focused on world areas not generally included in U.S. curricula; projects focusing on Western Europe are NOT supported,institutional_nomination_limited,no (non-renewable award; standard federal restrictions apply),us_institution,"U.S. citizen, national, or permanent resident. Must be a graduate student admitted to doctoral candidacy in modern foreign languages and area studies, planning a U.S. teaching career, with adequate target-language skills. Research abroad 6-12 months. Projects focusing on Western Europe are not supported (supplementary work there allowed only if it supports a non-European topic). All confirmed on current ed.gov page (2026-07-18).",annual,unspecified,"Peer review per published EDGAR selection criteria: quality of the proposed project, applicant qualifications and language proficiency, and contribution to the development of area/language studies.",,enumerated,https://www.ed.gov/grants-and-programs/grants-higher-education/ifle/fulbright-hays-doctoral-dissertation-research-abroad,high,2026-07-18,unknown,,,,,2026-07-18,2026-07-18,2026-07-18,2026-07-18,Companion Fulbright-Hays Faculty Research Abroad (FRA) serves faculty and is a distinct mechanism.
CIRM Research Awards (Discovery / Translational / Clinical stage programs),California Institute for Regenerative Medicine (CIRM),state_regional,United States,no_stage_restriction,research_grant,research_project,"biomedical_health, life_sciences",Fund the stem-cell/regenerative-medicine pipeline from early-stage discovery through preclinical (translational) work to clinical-stage research demonstrating scientific excellence.,"Aggregates CIRM's three research pipeline stages into one mechanism row; research_stage set to translational_productdev as the pipeline's center of gravity, but Discovery track = exploratory/basic and Clinical track = clinical-stage (noted). Not a training vehicle.",translational_productdev,Varies by stage: Discovery ~$1-2M; Translational multi-$M; Clinical up to ~$8-15M+ (est.),1-5 years depending on stage,host_country_institution_required,,,none,n/a,TRUE,stem cell / regenerative medicine / cell & gene therapy,individual_direct,no,other,"In-state constraint: applicant organizations must be California-based and research must be conducted in California (Prop 71/14). Open to academic institutions, nonprofits and companies. Three stage-based tracks: Discovery (early/basic), Translational/Preclinical, and Clinical.",irregular,unspecified,"Scientific merit / impact, rigor and feasibility, and (for translational/clinical) evidence of promise and readiness to advance toward therapy.",,enumerated,https://www.cirm.ca.gov/researchers/funding-opportunities/,medium,2026-07-18,unknown,,,,,2026-07-18,2026-07-18,2026-07-18,2026-07-18,"Verified 2026-07-18: cirm.ca.gov funding-opportunities index confirms Discovery / Preclinical(Translational) / Clinical / Education / Infrastructure categories as standing. Award sizes are stage-dependent and marked est.; per-program amounts not enumerated on the index page, hence medium confidence."
"CIRM Research Training / Scholars Program (Bridges, COMPASS, SPARK, CIRM Scholars)",California Institute for Regenerative Medicine (CIRM),state_regional,United States,"undergraduate, graduate_predoc, postdoc",training_grant,"training, salary_stipend","biomedical_health, life_sciences",Provide internship and training opportunities to build the next generation of California-based regenerative medicine / stem cell scientists.,"Row aggregates CIRM's education/training portfolio (SPARK, Bridges, COMPASS, CIRM Scholars) because all share career-stage-training purpose and California-host-institution eligibility; tiers differ mainly by trainee level, noted in eligibility_window.",career_training,Institutional training grants; per-trainee stipends vary (unspecified),1-3 years of training depending on program tier,host_country_institution_required,,"SPARK (CA high-school), Bridges (undergrad/master's), COMPASS (undergrad), CIRM Scholars (doctoral candidates & postdoctoral fellows)",none,n/a,TRUE,stem cell / regenerative medicine / cell & gene therapy,other,unspecified (training-grant / trainee mechanism; no prior-award disqualifier published on program page),other,"In-state constraint: all programs are hosted at and administered through California academic/research institutions; trainees enroll via a CIRM-funded California host institution. SPARK serves California high-school students; CIRM Scholars supports doctoral and immediate-postdoctoral trainees. Authorized under Prop 71 / Prop 14, which require CIRM-funded work in California.",irregular,unspecified,"Institutional training capacity, mentorship plan, curriculum and diversity of the training environment (foundation/agency training-grant criteria).",,enumerated,https://www.cirm.ca.gov/programs/education-and-training/,high,2026-07-18,unknown,,,,,2026-07-18,2026-07-18,2026-07-18,2026-07-18,Verified 2026-07-18: cirm.ca.gov education/training page current and lists all four programs as standing. COMPASS emphasizes diversity/inclusion as a program value but not as an eligibility gate (post-SFFA); identity_targeting=none confirmed. Contact education@cirm.ca.gov.
CPRIT Individual Investigator Research Award (IIRA),Cancer Prevention and Research Institute of Texas (CPRIT),state_regional,United States,no_stage_restriction,research_grant,research_project,biomedical_health,"Support innovative research projects addressing critically important questions that significantly advance knowledge of the causes, prevention and/or treatment of cancer.","Standing academic-research mechanism. Variants exist (IIRA for Clinical Translation [IIRACT], IIRA for Cancer in Children & Adolescents) that differ in scope; noted rather than split.",hypothesis_driven_mature,"Up to $300,000/yr direct for up to 3 years (~$900K; indirect capped at 5%; FY2027 salary cap $225K/yr per individual)",Up to 3 years,residency_required,,"Open to both early-career and established investigators (assistant/associate/full professor, tenure-track or tenured); need not be trained specifically in cancer",none,n/a,TRUE,cancer,individual_direct,no,other,"In-state constraint: PI must be a full-time resident of Texas during the award and hold a faculty position at an accredited Texas-based institution/organization. Open to experienced or early-career cancer researchers, including investigators from other disciplines. Single-PI minimum 15% effort (10% each for multiple investigators). Up to $300,000/yr direct for up to 3 years.",annual,~10% of submissions projected to be funded (per RFA R-27.1),"Per RFA R-27.1: (1) Significance and Impact; (2) Research Plan (hypothesis, preliminary data, feasibility); (3) Applicant Investigator (experience, expertise, effort). Peer-review panels.",,enumerated,https://cprit.texas.gov/media/ai5f5mjk/rfa-r-271-iira_final.pdf,high,2026-07-18,unknown,,,,,2026-07-18,2026-07-18,2026-07-18,2026-07-18,"Verified 2026-07-18 against RFA R-27.1 (FY2027; applications open Feb 17 - close Apr 28, 2026). Review criteria updated to the RFA's actual three-factor set (was legacy 'merit/innovation/feasibility' phrasing). CPRIT's other core areas are the Prevention Program and Product Development Research (SBIR-style); High-Impact/High-Risk (HIHR) funds exploratory pilot cancer research."
"CPRIT Recruitment of First-Time, Tenure-Track Faculty (RFT) [with Rising Stars (RRS) and Established Investigators (REI) variants]",Cancer Prevention and Research Institute of Texas (CPRIT),state_regional,United States,"early_career_faculty, midcareer, senior_established",career_development_award,"salary_stipend, career_development, research_project",biomedical_health,Recruit outstanding cancer researchers to relocate their labs to Texas academic institutions.,Classified as career_development_award because it funds relocating and establishing an independent cancer-research program in Texas rather than a discrete project. Three career-stage variants collapsed into one row with distinct award sizes noted (RFT/RRS/REI).,career_training,"RFT up to $2M / RRS up to $3M / REI up to $4M, each over 5 years",5 years,mobility_required,,"RFT = first-time, tenure-track faculty (initial faculty appointment)",none,n/a,TRUE,cancer,institutional_nomination_limited,no prior-grant exclusion; the RFT gate is a career-stage window (recruit must be at their first tenure-track faculty appointment),other,"In-state constraint: awarded to Texas academic institutions to recruit a researcher who must relocate to and establish a lab in Texas (mobility into Texas required). Three variants by career stage: RFT (first-time tenure-track, up to $2M/5yr), RRS (mid-career 'Rising Stars', up to $3M/5yr), REI (established senior investigators, up to $4M/5yr).",rolling,unspecified,"Recruit's research excellence and track record, promise/potential for cancer-research impact, and fit with the Texas host institution.",,enumerated,https://cprit.texas.gov/funding-opportunities,high,2026-07-18,unknown,,,,,2026-07-18,2026-07-18,2026-07-18,2026-07-18,"Verified 2026-07-18 on cprit.texas.gov funding-opportunities: FY2027 Cycle 1 open (application window Jun 23, 2026 - Jun 21, 2027); RFT $2M / RRS $3M / REI $4M over 5 yr confirmed. Institution (not the individual) submits the recruitment application -> submission_path institutional_nomination_limited."
James & Esther King Biomedical Research Program,Florida Department of Health – Biomedical Research Programs,state_regional,United States,no_stage_restriction,research_grant,research_project,biomedical_health,"Expand biomedical knowledge relating to prevention, diagnosis, treatment and cure of tobacco-related diseases, and strengthen Florida's academic health centers and biomedical economy.",Split from Bankhead-Coley (cancer-only) because this program spans broader tobacco-related disease areas; topic_restricted true with a broader specific_topic.,hypothesis_driven_mature,unspecified (6/12/24/36/48/54-month budget templates),6-54 months,host_country_institution_required,,,none,n/a,TRUE,"tobacco-related diseases (cancer, cardiovascular disease, stroke, pulmonary/lung disease)",individual_direct,unspecified,other,"In-state constraint: Florida-based investigators/institutions (program aims to strengthen the state's academic health centers). Topic focus on tobacco-related diseases: cancer, cardiovascular disease, stroke and pulmonary disease. Administered by the Florida Department of Health under the Biomedical Research Advisory Council (BRAC), alongside the Bankhead-Coley Cancer Research Program.",annual,unspecified,"Scientific merit, significance/impact for tobacco-related disease, and feasibility (BRAC-managed peer review).",,enumerated,https://www.floridahealth.gov/funding-grants/james-and-esther-king-biomedical-research-program/,high,2026-07-18,unknown,,,,,2026-07-18,2026-07-18,2026-07-18,2026-07-18,"Verified 2026-07-18: dedicated floridahealth.gov King page exists and is current (FY2025-26 FOA; materials posted Jan 2026). Topic focus (cancer, cardiovascular, stroke, pulmonary) confirmed; budget templates 6-54 months offered; specific dollar caps not published on the page."
"William G. ""Bill"" Bankhead Jr. & David Coley Cancer Research Program",Florida Department of Health – Biomedical Research Programs,state_regional,United States,no_stage_restriction,research_grant,research_project,biomedical_health,Fund cancer research (including cancers affecting Floridians and cancer disparities) at Florida institutions.,"Split from the James & Esther King program because topic scope differs (cancer-only vs. broad tobacco-related biomedical), a filterable field. Source is the FDOH funding-opportunity index page (the /research-programs1/ URL 404'd); program confirmed as standing there.",hypothesis_driven_mature,unspecified (multiple mechanisms; 6-48 month budget options),1-3 years (6-48 month budget templates),host_country_institution_required,,,none,n/a,TRUE,cancer,individual_direct,unspecified,other,In-state constraint: Florida-based research institutions/investigators. Administered by the Florida Department of Health under the Biomedical Research Advisory Council (BRAC). Grant types across cycles include research project grants and pilot/exploratory awards. Funded via the Biomedical Research Trust Fund (tobacco-settlement derived).,annual,unspecified,"Scientific merit, significance/impact for cancer, and feasibility (BRAC-managed peer review).",,enumerated,https://www.floridahealth.gov/provider-and-partner-resources/research/funding-opportunity.html,medium,2026-07-18,unknown,,,,,2026-07-18,2026-07-18,2026-07-18,2026-07-18,"Verified 2026-07-18: Bankhead-Coley listed as an active Funding Announcement on the FDOH funding-opportunity index (alongside King, Ed & Ethel Moore Alzheimer's, Live Like Bella Pediatric Cancer, Rare Pediatric Diseases, and Florida Cancer Connect Innovation Fund). Medium confidence: index confirms standing but per-mechanism amounts live in the FOA, not the index."
MSCRF Post-Doctoral Fellowship,Maryland Stem Cell Research Fund (MSCRF),state_regional,United States,postdoc,fellowship,"salary_stipend, training","biomedical_health, life_sciences",Support postdoctoral fellows conducting human stem cell research (in academia or industry) in Maryland.,Distinct postdoc-fellowship mechanism split from MSCRF's faculty/company programs (different career stage and purpose).,career_training,"Up to $130,000 ($65,000/yr for up to 2 years) (est. - amount not published on current index page)",Up to 2 years,host_country_institution_required,3,Doctoral degree completed within past 3 years (career breaks may extend the window with MSCRF approval),none,n/a,TRUE,human stem cell research / regenerative medicine,individual_direct,unspecified for the Post-Doctoral Fellowship; note MSCRF's Launch program (separate mechanism) does bar prior MSCRF funding,other,"In-state constraint: all State-funded stem-cell research must be conducted in Maryland, and the fellow must be employed/retained by an eligible Maryland-based organization (federal labs excluded). Doctorate within past 3 years. No citizenship requirement stated. Administered by TEDCO.",annual,unspecified,"Scientific merit of the proposal, candidate potential/training environment, and relevance to human stem cell research (Maryland Stem Cell Research Commission review).",,enumerated,https://www.mscrf.org/funding-opportunities,high,2026-07-18,unknown,,,,,2026-07-18,2026-07-18,2026-07-18,2026-07-18,"Verified 2026-07-18 on mscrf.org: Post-Doctoral Fellowship standing (mid-January cycle; FY26 R2 RFA); '3 years post-doctorate' window and Maryland-conduct requirement confirmed. Award amount not disclosed on the index page (directs to RFA), so typical_award_size marked est. MSCRF (TEDCO) also funds Launch, Discovery, Validation, Clinical, Commercialization, and Manufacturing Assistance; Clinical/Commercialization/Manufacturing require Maryland location and 1:1 non-state match."
"MLSC Life Sciences Research & Collaboration Grants (Neuroscience Consortium, Women's Health Initiative/Collaboration, ARC, Bits to Bytes, Frontiers)",Massachusetts Life Sciences Center (MLSC),state_regional,United States,no_stage_restriction,research_grant,research_project,"life_sciences, biomedical_health","Accelerate Massachusetts life-sciences research through competitive, often collaborative academic-industry research grants across rotating priority areas.","MLSC is a quasi-public state economic-development agency; this row captures its competitive research-grant portfolio. Specific named programs rotate annually and award amounts are not published on the index page, hence medium confidence.",translational_productdev,unspecified,unspecified,host_country_institution_required,,,none,n/a,FALSE,"life sciences (rotating sub-themes: neurodegeneration, women's health, omics, novel therapeutics delivery)",individual_direct,unspecified,other,"In-state constraint: applicants must be Massachusetts-based academic/research institutions or companies, with research (and, for capital/BioBoost programs, jobs) located in Massachusetts. MLSC runs a rotating annual portfolio: Neuroscience Consortium (Alzheimer's/neurodegeneration), Women's Health Initiative & Women's Health Collaboration, Accelerating Research through Collaboration (ARC), Bits to Bytes (large omics datasets), Frontiers, and Novel Therapeutics Delivery.",annual,unspecified,"Scientific merit, collaboration/translational potential, and economic-development benefit to the Massachusetts life-sciences ecosystem.",,enumerated,https://www.masslifesciences.com/funding-programs/,medium,2026-07-18,unknown,,,,,2026-07-18,2026-07-18,2026-07-18,2026-07-18,"Verified 2026-07-18: page current (updated Jun 12, 2026); Neuroscience Consortium open (deadline Aug 31, 2026). The 'Women's Health' programs target gender-specific health conditions as a RESEARCH TOPIC and are open to any PI -> not a women-only eligibility gate; identity_targeting=none confirmed post-SFFA. MLSC also runs capital/infrastructure grants and workforce/business programs (separate mechanisms, not enumerated here)."
NJCCR Postdoctoral Fellowship (PRF),New Jersey Commission on Cancer Research (NJCCR),state_regional,United States,postdoc,fellowship,"salary_stipend, training",biomedical_health,Retain early-career scientists devoted to cancer research in New Jersey by supporting mentored postdoctoral training.,"Row is the postdoctoral fellowship specifically (clean career stage / award size). Predoctoral, Bridge and Pilot mechanisms noted rather than split into separate rows to keep the funder's row count proportionate.",career_training,"Up to $200,000 total (2 years); stipend up to $65,000/yr inclusive of fringe",2 years,citizen_national_pr_required,5,No more than 5 years post-doctorate at application; at least 80% effort on cancer research,none,n/a,TRUE,cancer,individual_direct,"Per RFA 2027: applicants who have already accepted another postdoctoral fellowship are ineligible; otherwise no prior-award disqualifier (state postdoc mechanism, not an NIH-style prior-K exclusion)",other,"In-state constraint: applicant must be at one of ~23 New Jersey 'Qualifying Research Institutions' (e.g., Rutgers, Princeton, NJ academic medical centers). Citizenship: U.S. citizen or permanent resident required. Requires a faculty Sponsor. Up to $200,000 over 2 years.",annual,unspecified,"Scientific merit of the proposal, candidate potential, sponsor/training environment, and relevance to cancer (NJCCR peer review).",,enumerated,https://www.nj.gov/health/ces/documents/njccr/njccr-rfa-2027.pdf,high,2026-07-18,unknown,,,,,2026-07-18,2026-07-18,2026-07-18,2026-07-18,"Verified 2026-07-18 against RFA 2027 (released Nov 7, 2025; due Mar 4, 2026; start Jul 1, 2026): $200K/2yr, stipend up to $65K/yr, <=5 yr post-doctorate, U.S. citizen/PR, NJ Qualifying Research Institution all confirmed; prior_funding_exclusion filled (was 'unspecified'). NJCCR also offers Predoctoral Fellowship (up to $100K/2yr), Research Bridge Grant (up to $200K/2yr), and Pilot Research Grant (up to $100K/2yr); all require a NJ Qualifying Research Institution."
NJ Commission on Spinal Cord Research (NJCSCR) Individual Research Grant,New Jersey Commission on Spinal Cord Research (NJCSCR),state_regional,United States,no_stage_restriction,research_grant,research_project,biomedical_health,"Support independent investigators pursuing established research directions in spinal cord repair, recovery and rehabilitation.",Represents NJCSCR's flagship investigator mechanism; companion mechanisms (Exploratory grant and fellowships) noted rather than split.,hypothesis_driven_mature,"Up to $200,000/yr (incl. up to 10% indirect)",1-3 years (3-year awards via annual contracts),host_country_institution_required,,Open to independent investigators at any level; postdoctoral/graduate fellows may serve as PI with a mentor letter + references,none,n/a,TRUE,"spinal cord injury/disease (repair, recovery, rehabilitation)",individual_direct,no,other,"In-state constraint: PI must be affiliated with a New Jersey academic institution, research organization, or public/private entity with demonstrated research capability. Any nationality may apply if employed by a qualified NJ organization. Up to $200,000/yr for 1-3 years (up to 10% indirect).",annual,unspecified,"Scientific merit, significance for spinal-cord repair/recovery, and feasibility (Commission peer review).",,enumerated,https://www.nj.gov/health/spinalcord/documents/researchpgr.pdf,high,2026-07-18,unknown,,,,,2026-07-18,2026-07-18,2026-07-18,2026-07-18,"Verified 2026-07-18 on the NJCSCR program PDF: $200K/yr, 10% indirect cap, 1-3 yr, any-nationality-at-NJ-org all confirmed; ~$3M total available across programs. Companion mechanisms: Exploratory Research Grant (up to $100K/yr, 2 yr non-renewable); Postdoctoral Fellowship ($50K/yr - $36K stipend/$13K research/$1K travel - 3 yr, no indirect); Graduate Student Fellowship ($30K/yr - $25K stipend/$4K research/$1K travel - 2 yr). Funding contingent on state appropriation."
"NCBiotech University Research Grants (Flash Grant, Innovation Impact Grant, Translational Research Grant)",North Carolina Biotechnology Center (NCBiotech),state_regional,United States,no_stage_restriction,research_grant,"research_project, commercialization","life_sciences, biomedical_health","Fund North Carolina university/nonprofit research along the innovation continuum, from early-stage projects (Flash) through translation toward commercialization (IIG, TRG).","Three university grant tiers collapsed into one mechanism row (same eligibility class and NC-institution restriction); Flash = feasibility/pilot, IIG/TRG = translational toward commercialization (noted). research_stage set to feasibility_pilot for the flagship Flash tier.",feasibility_pilot,"Flash up to $30,000 (R1) / $37,500 (non-R1 w/ intern supplement); IIG up to $150,000; TRG up to $130,000 (or $144,000 w/ project-manager supplement)",unspecified,host_country_institution_required,,,none,n/a,FALSE,biotechnology / life sciences,individual_direct,unspecified,other,In-state constraint: eligibility limited to North Carolina universities and nonprofit research institutions. Flash Grant supports early-stage research (non-R1 institutions receive a larger cap with an intern supplement); Innovation Impact Grant and Translational Research Grant advance university inventions toward commercialization. Multiple submission cycles/deadlines per fiscal year.,rolling,unspecified,"Scientific/technical merit, and (for IIG/TRG) commercialization potential and path to market.",,enumerated,https://www.ncbiotech.org/funding/grants,high,2026-07-18,unknown,,,,,2026-07-18,2026-07-18,2026-07-18,2026-07-18,"Verified 2026-07-18 on ncbiotech.org/funding/grants: all three tiers standing with FY27 deadlines open (Flash Jul 15/Oct 21, 2026 & Mar 10, 2027; IIG Sep 30, 2026; TRG Aug 5, 2026 & Jan 27, 2027) and amounts confirmed (Flash $30K R1 / $37.5K non-R1; IIG $150K; TRG $130K, $144K w/ PM supplement). NCBiotech is a state-funded private nonprofit; it also runs company/small-business loan and industry programs beyond these university grants."
Pennsylvania CURE (Commonwealth Universal Research Enhancement) Health Research Grants - Formula & Nonformula,Pennsylvania Department of Health – CURE Program,state_regional,United States,no_stage_restriction,research_grant,research_project,biomedical_health,Enhance health/biomedical research capacity at Pennsylvania institutions using Commonwealth tobacco-settlement funds.,Two distinct sub-mechanisms (formula allocation vs. competitive nonformula) kept in one row; submission_path='other' reflects the formula allocation model that is not a standard individual/institutional-nomination path.,unspecified,unspecified,unspecified,host_country_institution_required,,,none,n/a,FALSE,biomedical/health research (periodic priority areas set by the Department),other,unspecified,other,"In-state constraint: eligibility limited to Pennsylvania research institutions. Formula grants are distributed non-competitively (annual allocation) to PA institutions that receive NCI/NIH funding; Nonformula grants are awarded through competitive bid (PA Dept. of General Services procurement). Funded by Pennsylvania tobacco settlement funds (Act 77, 2001). Some cycles include spinal-cord-research grants under the same umbrella.",annual,unspecified,Formula: non-competitive allocation keyed to institution's NCI/NIH funding. Nonformula: competitive scientific peer/merit review.,,enumerated,https://www.pa.gov/agencies/health/research/research/cure,medium,2026-07-18,unknown,,,,,2026-07-18,2026-07-18,2026-07-18,2026-07-18,Verified 2026-07-18 on pa.gov CURE page: program current and standing (active RFAs incl. Spinal Cord Injury Research Grant #67-203; 2025 FAQ; Health Research Advisory Committee meetings). Confidence medium: funder page confirms the two grant types and tobacco-settlement source but does not publish standing award amounts or a fixed competitive cadence.
TRDRP Postdoctoral Award,Tobacco-Related Disease Research Program (TRDRP),state_regional,United States,postdoc,fellowship,"salary_stipend, training","biomedical_health, social_sciences",Support postdoctoral research training under a designated mentor on tobacco-related disease.,"Postdoctoral Award selected as the standing early-career mechanism. Note: for the 2027 call TRDRP did NOT offer the Research Award, Pilot Award, New Investigator Award, or Tobacco Policy Research Centers (offered in prior cycles), so those were excluded as not currently active.",career_training,Postdoctoral stipend + research/benefit allowance per TRDRP Appendix B (amount unspecified here),Up to 3 years,host_country_institution_required,,,none,n/a,TRUE,"tobacco-related disease (incl. nicotine/vaping, cannabis co-use, tobacco policy)",individual_direct,unspecified (mentored postdoctoral training award; no prior-award disqualifier published on the mechanisms page),other,In-state constraint: TRDRP is administered by the University of California Office of the President and funds researchers at California academic and nonprofit research institutions; the postdoc trains under a designated mentor at a California host institution. Parallel Predoctoral Award supports doctoral students (also up to 3 years).,annual,unspecified,"Scientific merit, training plan/mentorship, and relevance to tobacco-related disease research (peer review).",,enumerated,https://www.trdrp.org/what-we-fund/award-mechanisms/,high,2026-07-18,unknown,,,,,2026-07-18,2026-07-18,2026-07-18,2026-07-18,"Verified 2026-07-18 on trdrp.org award-mechanisms: Postdoctoral Award confirmed offered for 2027 (max 3 yr); confirmed Research/Pilot/New Investigator/Policy Centers NOT offered in the 2027 cycle. Optional Cornelius Hopper Diversity Award Supplement (up to $20,000 over 2 yr) is a separate supplement for trainees on funded grants, NOT an eligibility gate on the Postdoctoral Award (identity_targeting=none). TRDRP funded by California Prop 99 / Prop 56 tobacco tax revenue."
Hertz Fellowship,Fannie and John Hertz Foundation,private_foundation,United States,graduate_predoc,fellowship,salary_stipend; training,physical_sciences; engineering; computing_math; life_sciences,"Provides financial and lifelong professional support for the nation's most promising doctoral students in the applied sciences, engineering and mathematics.",,career_training,"Up to $250,000 over up to five years",Up to 5 years,citizen_national_pr_required,,Must be enrolled as a first- or second-year PhD student in the autumn funding begins,none,n/a,FALSE,,individual_direct,unspecified,other,"US citizens or permanent residents; applied physical and biological sciences, mathematics or engineering; applicants must show how the work addresses major, near-term problems facing society. The foundation maintains a list of tenable institutions — not verified this run.",annual,unspecified,,,enumerated,https://www.hertzfoundation.org/the-fellowship/who-can-apply/,medium,2026-09-17,active,,"2027 Hertz Fellowship Application Now Open (posted August 31, 2026).",https://www.hertzfoundation.org/the-fellowship/,2026-09-17,2026-09-17,2026-09-17,2026-09-17,,"Added 2026-09-17 (P1 F-005). Named in the brief's Section 6 anchor list but never logged by the v0.1 run — a plain omission, not an informative absence. Review criteria and selectivity not verified this run."
"Ford Foundation Fellowship Program (predoctoral, dissertation, postdoctoral)","Ford Foundation / National Academies of Sciences, Engineering, and Medicine",private_foundation,United States,graduate_predoc; postdoc,fellowship,salary_stipend; training,domain_agnostic,"Sought to increase the diversity of the nation's college and university faculties, maximize the educational benefits of diversity, and increase the number of professors able to use diversity as a resource for enriching the education of all students.",,career_training,unspecified (closed to new applicants),unspecified,other,,,underrepresented_minorities,prioritizes,FALSE,,individual_direct,unspecified,other,"Historical eligibility not re-verified: the programme is closed to new applicants, so the gate columns describe what it was, not what anyone can apply to now.",annual,unspecified,,,enumerated,https://www.fordfoundation.org/news-and-stories/stories/winding-down-ford-fellowships-at-the-national-academies/,medium,2026-09-17,terminated,2024-12-31,"Ford Foundation: 'we would wind down the Ford Fellowships program by 2028, and we began working with the National Academies to put a sunset plan in place.' Last new fellowships awarded in 2024; existing fellows supported through the end of their terms.",https://www.fordfoundation.org/news-and-stories/stories/winding-down-ford-fellowships-at-the-national-academies/,2026-09-17,,,,,"Added 2026-09-17 (P1 F-005) as an informative absence. valid_to is the last year new awards were made (2024); the programme fully sunsets in 2028 as current fellows finish. Under the v0.1 schema the only way to represent this was omission, which reads identically to never having researched it."
NYSTEM — Empire State Stem Cell Program awards,New York State Department of Health (NYSTEM),state_regional,United States,no_stage_restriction,research_grant,research_project; training,biomedical_health; life_sciences,"State-funded support for stem cell research, training and equipment in New York institutions.",,unspecified,unspecified (programme ended),unspecified,host_country_institution_required,,,none,n/a,TRUE,stem cell science,individual_direct,unspecified,other,"New York State institutions only. Historical; not re-verified, as the programme's own site no longer exists.",irregular,unspecified,,,enumerated,https://www.science.org/content/article/new-york-state-ends-stem-cell-research-funding,medium,2026-09-17,terminated,2025-12-31,Eliminated in the New York State budget approved in 2021: the budget bill halted new NYSTEM funding and scheduled the programme to terminate in 2025 once existing contracts expired.,https://www.science.org/content/article/new-york-state-ends-stem-cell-research-funding,2026-09-17,,,,,"Added 2026-09-17 (P1 F-005) as an informative absence. PROVENANCE EXCEPTION: sourced to Science/AAAS rather than the funder, because the programme's own site no longer exists — the brief prefers funder pages, and this row cannot satisfy that."
